0.000000000000000000e+00,2.019796143552476664e-01,1.060866603192470083e-03,0.000000000000000000e+00,0.000000000000000000e+00,3.663520678702263389e+00,1.975424481976777315e+04,2.908872499090116737e-03
0.000000000000000000e+00,1.602759189314082733e-01,4.721732722004076677e-01,0.000000000000000000e+00,0.000000000000000000e+00,3.589856589882917337e+00,2.212867975309491158e+04,3.115857690245324094e-03
0.000000000000000000e+00,7.945517243124104734e-02,1.487723717972925908e+00,0.000000000000000000e+00,0.000000000000000000e+00,2.821923457017227133e+00,2.015668722071684897e+04,2.672796389434792860e-03
0.000000000000000000e+00,1.006376403264109404e-02,2.748791363877868488e+00,0.000000000000000000e+00,0.000000000000000000e+00,2.315511479779274850e+00,1.932404265178367496e+04,2.365908948427127532e-03
0.000000000000000000e+00,-5.347938995070238011e-02,3.969637143914079402e+00,0.000000000000000000e+00,0.000000000000000000e+00,1.880374551189697208e+00,1.849061458943411708e+04,2.029739119953032772e-03
0.000000000000000000e+00,-9.960385004966140765e-02,4.644948961919601160e+00,0.000000000000000000e+00,0.000000000000000000e+00,1.407825287664500991e+00,1.644991522688232362e+04,1.546000791508966941e-03
0.000000000000000000e+00,-1.278089667945764285e-01,5.090413615429786987e+00,0.000000000000000000e+00,0.000000000000000000e+00,1.071127264210475438e+00,1.498125059166550636e+04,1.113975598677318561e-03
0.000000000000000000e+00,-1.395282206325578478e-01,5.605643724474651535e+00,0.000000000000000000e+00,0.000000000000000000e+00,8.663415624540278248e-01,1.457224605132639408e+04,7.315347867268507049e-04
0.000000000000000000e+00,-1.023511054475330362e-01,5.338969591961621575e+00,0.000000000000000000e+00,0.000000000000000000e+00,6.314484153148361978e-01,1.277227852702140808e+04,2.707819313795933446e-04
0.000000000000000000e+00,-2.961227483705625163e-02,5.953788435549007829e+00,0.000000000000000000e+00,0.000000000000000000e+00,5.559989956576606440e-01,1.340910124878957868e+04,-1.583859993172615996e-04
0.000000000000000000e+00,1.245717193721763150e-01,6.043232061077990380e+00,0.000000000000000000e+00,0.000000000000000000e+00,4.568139169417025358e-01,1.285385623135324568e+04,-5.901525735918325974e-04
0.000000000000000000e+00,3.336799327096298118e-01,5.878683833936604763e+00,0.000000000000000000e+00,0.000000000000000000e+00,3.670331973829100147e-01,1.159144559299945831e+04,-8.702081971792051743e-04
0.000000000000000000e+00,2.659733864521140467e-01,5.678025368911137072e-01,0.000000000000000000e+00,0.000000000000000000e+00,4.274642034326375573e+00,2.004918941797316074e+04,3.072249513807676080e-03
0.000000000000000000e+00,1.879381161811330414e-01,3.314858813710078511e+00,0.000000000000000000e+00,0.000000000000000000e+00,2.783349847513608477e+00,1.021378037839382887e+04,1.656360320008362424e-03
0.000000000000000000e+00,1.012374160361830533e-01,5.002348521885690680e+00,0.000000000000000000e+00,0.000000000000000000e+00,1.513221306319602943e+00,4.452949262623675168e+03,7.506337126144136665e-04
0.000000000000000000e+00,5.554950324392611549e-02,5.656016358382901288e+00,0.000000000000000000e+00,0.000000000000000000e+00,8.732313466581312911e-01,2.102411034090444446e+03,3.642211685881926900e-04
0.000000000000000000e+00,3.338488787810663105e-02,6.031131253088653388e+00,0.000000000000000000e+00,0.000000000000000000e+00,5.634501220537085908e-01,1.128946561237797141e+03,1.996097745522366180e-04
0.000000000000000000e+00,2.285461184486270100e-02,6.697038187949172716e+00,0.000000000000000000e+00,0.000000000000000000e+00,4.188472176079587328e-01,7.087480778861790895e+02,1.271510665707945476e-04
0.000000000000000000e+00,2.627481105625666946e-01,9.015894131398083378e-04,0.000000000000000000e+00,0.000000000000000000e+00,4.213484848840431063e+00,2.200317680460959673e+04,3.272180566780036066e-03
0.000000000000000000e+00,1.789644735171330159e-01,4.536364168206968861e-01,0.000000000000000000e+00,0.000000000000000000e+00,3.436316967610125950e+00,2.139755492621287704e+04,3.000501029841365526e-03
0.000000000000000000e+00,1.018967142234413065e-01,1.568771043375523089e+00,0.000000000000000000e+00,0.000000000000000000e+00,2.968708026254748500e+00,2.244392934131622314e+04,2.894465402598218363e-03
0.000000000000000000e+00,1.945034800157859414e-02,2.813339609691121179e+00,0.000000000000000000e+00,0.000000000000000000e+00,2.364308068553819808e+00,2.197062764647603035e+04,2.510164659570567058e-03
0.000000000000000000e+00,-4.060275300947219917e-02,3.708283566825212763e+00,0.000000000000000000e+00,0.000000000000000000e+00,1.752358208965341113e+00,2.024013243124075234e+04,1.923135788656973573e-03
0.000000000000000000e+00,-5.782161787768368144e-02,4.420084671225184003e+00,0.000000000000000000e+00,0.000000000000000000e+00,1.336362673525847589e+00,1.932344090628623962e+04,1.356915694770042700e-03
0.000000000000000000e+00,-1.439685713243768960e-03,4.639924918849708924e+00,0.000000000000000000e+00,0.000000000000000000e+00,9.737900359707261089e-01,1.758584667248808546e+04,6.957587224455357832e-04
0.000000000000000000e+00,1.497433340728435702e-01,4.590417963255621459e+00,0.000000000000000000e+00,0.000000000000000000e+00,7.072186303182731448e-01,1.564211255735158920e+04,7.983471385203260199e-05
0.000000000000000000e+00,4.859712251045729126e-01,5.592329962448591374e+00,0.000000000000000000e+00,0.000000000000000000e+00,6.594727917880310875e-01,1.703102360872365534e+04,-4.504849446086501077e-04
0.000000000000000000e+00,8.666487346000502079e-01,5.949687205981541105e+00,0.000000000000000000e+00,0.000000000000000000e+00,5.544317311343481824e-01,1.545020745132863522e+04,-6.788821320672421347e-04
0.000000000000000000e+00,9.143920520100423666e-01,5.163240029904572204e+00,0.000000000000000000e+00,0.000000000000000000e+00,3.903415138089282310e-01,1.062329319038055837e+04,-4.131083638780858416e-04
0.000000000000000000e+00,1.084541664663706939e+00,6.476416204924082543e+00,0.000000000000000000e+00,0.000000000000000000e+00,4.052495788036003521e-01,9.824826758140698075e+03,-1.371111829943048584e-04
0.000000000000000000e+00,2.750744651013364295e-01,5.392358767157306998e-01,0.000000000000000000e+00,0.000000000000000000e+00,4.051854310556069372e+00,1.773012118215858936e+04,2.765792318916071059e-03
0.000000000000000000e+00,2.121167343608377498e-01,3.660299048043678560e+00,0.000000000000000000e+00,0.000000000000000000e+00,3.067319840122520791e+00,9.854491117391735315e+03,1.637498419413607829e-03
0.000000000000000000e+00,1.059646975851341044e-01,5.423088196589715082e+00,0.000000000000000000e+00,0.000000000000000000e+00,1.636986094452325791e+00,4.008105106279253960e+03,6.929247317186368891e-04
0.000000000000000000e+00,5.173798750267356861e-02,5.736244693636645131e+00,0.000000000000000000e+00,0.000000000000000000e+00,8.835896128364152391e-01,1.698738332739099860e+03,3.015306920070681251e-04
0.000000000000000000e+00,2.905315780679870730e-02,5.964956651393296561e+00,0.000000000000000000e+00,0.000000000000000000e+00,5.560021392650752459e-01,8.598134018704295158e+02,1.554697437109531309e-04
0.000000000000000000e+00,1.982458586689811453e-02,6.845174037681698742e+00,0.000000000000000000e+00,0.000000000000000000e+00,4.271656909227291576e-01,5.422545936591923237e+02,9.922851698077195931e-05
0.000000000000000000e+00,2.948231367457058161e-01,8.708123751595338606e-04,0.000000000000000000e+00,0.000000000000000000e+00,4.197044341716845040e+00,2.106461223376914859e+04,3.169558999299672362e-03
0.000000000000000000e+00,2.283582004313745306e-01,4.773651918748619827e-01,0.000000000000000000e+00,0.000000000000000000e+00,3.611573195253772628e+00,2.244437485591135919e+04,3.149017211707247701e-03
0.000000000000000000e+00,1.444960374972231176e-01,1.509029181249576190e+00,0.000000000000000000e+00,0.000000000000000000e+00,2.851059769798677479e+00,2.241863562433421612e+04,2.831746613960875632e-03
0.000000000000000000e+00,8.951450078190958948e-02,2.816016311395056704e+00,0.000000000000000000e+00,0.000000000000000000e+00,2.363123100157476841e+00,2.383043106356635690e+04,2.560019355707749463e-03
0.000000000000000000e+00,8.014606769854354384e-02,3.402528734952070533e+00,0.000000000000000000e+00,0.000000000000000000e+00,1.605495943138673942e+00,2.089698303192853928e+04,1.722837877677431666e-03
0.000000000000000000e+00,1.974584203156615481e-01,4.048205143388047489e+00,0.000000000000000000e+00,0.000000000000000000e+00,1.222006406670486767e+00,2.030461305799987167e+04,1.051401764169008438e-03
0.000000000000000000e+00,4.565678532222988695e-01,4.244961947024860294e+00,0.000000000000000000e+00,0.000000000000000000e+00,8.895220875894953583e-01,1.806683842719253153e+04,3.671344342611317460e-04
0.000000000000000000e+00,1.014050007948704479e+00,5.612570573856740630e+00,0.000000000000000000e+00,0.000000000000000000e+00,8.641082383664366873e-01,1.963877903653681278e+04,-6.845605617933133517e-06
0.000000000000000000e+00,1.254603365318390118e+00,5.733131523442786204e+00,0.000000000000000000e+00,0.000000000000000000e+00,6.765157579220815176e-01,1.519941250228136778e+04,2.379104055429493442e-05
0.000000000000000000e+00,1.025291981933785568e+00,5.185983385932164680e+00,0.000000000000000000e+00,0.000000000000000000e+00,4.841390526827418772e-01,9.542020848157000728e+03,2.366661670553194343e-04
0.000000000000000000e+00,9.562586961457266721e-01,6.528377009114655571e+00,0.000000000000000000e+00,0.000000000000000000e+00,4.942408400135975821e-01,7.882729359373450279e+03,4.474280831358366881e-04
0.000000000000000000e+00,6.518954352576294964e-01,6.638218794371970155e+00,0.000000000000000000e+00,0.000000000000000000e+00,4.156542076730257995e-01,5.170511932026594877e+03,4.485942735990276244e-04
0.000000000000000000e+00,3.083590170695846844e-01,5.650965482729617406e-01,0.000000000000000000e+00,0.000000000000000000e+00,4.243910573971476197e+00,1.726713804200291634e+04,2.739340305835452280e-03
0.000000000000000000e+00,1.937318111553728572e-01,3.356597113635344520e+00,0.000000000000000000e+00,0.000000000000000000e+00,2.809479251029032731e+00,7.941884004995226860e+03,1.346336634050831864e-03
0.000000000000000000e+00,8.958931455869569016e-02,4.860482146910569234e+00,0.000000000000000000e+00,0.000000000000000000e+00,1.465491932878212777e+00,3.023940448008477688e+03,5.329246622665604347e-04
0.000000000000000000e+00,4.807150240486662146e-02,5.901722317677157825e+00,0.000000000000000000e+00,0.000000000000000000e+00,9.080003623885121167e-01,1.422983127534389496e+03,2.568620462711290265e-04
0.000000000000000000e+00,2.866921039658150080e-02,6.752991686313096764e+00,0.000000000000000000e+00,0.000000000000000000e+00,6.285550289040425787e-01,7.716110843904316425e+02,1.415431311792611350e-04
0.000000000000000000e+00,1.577931843192815695e-02,6.432947713957263502e+00,0.000000000000000000e+00,0.000000000000000000e+00,4.009144334584024416e-01,3.952957496531307697e+02,7.340498546594633096e-05
0.000000000000000000e+00,3.202577348659045309e-01,8.102676677049820567e-04,0.000000000000000000e+00,0.000000000000000000e+00,4.100563279195253763e+00,1.964655157242715359e+04,2.994631930785726041e-03
0.000000000000000000e+00,2.775954905440157217e-01,4.730103388919952856e-01,0.000000000000000000e+00,0.000000000000000000e+00,3.591949743613217727e+00,2.200327864183485508e+04,3.103618798108513568e-03
0.000000000000000000e+00,2.028566147035630873e-01,1.376856575290392071e+00,0.000000000000000000e+00,0.000000000000000000e+00,2.609903138328147687e+00,2.090083725596964359e+04,2.613722422324457270e-03
0.000000000000000000e+00,2.110207146636724485e-01,2.510621616693934133e+00,0.000000000000000000e+00,0.000000000000000000e+00,2.114682921131092463e+00,2.233544106955826283e+04,2.307321540819264570e-03
0.000000000000000000e+00,3.344750006374773155e-01,3.368150395588340285e+00,0.000000000000000000e+00,0.000000000000000000e+00,1.594980375188740362e+00,2.195414288686029613e+04,1.668704245148483131e-03
0.000000000000000000e+00,6.776016080176037182e-01,4.183532048407225368e+00,0.000000000000000000e+00,0.000000000000000000e+00,1.267688388965894974e+00,2.156006150345504284e+04,1.042685049383137779e-03
0.000000000000000000e+00,9.736204522781569670e-01,4.187082378856491260e+00,0.000000000000000000e+00,0.000000000000000000e+00,8.813620013563636668e-01,1.658390391962230206e+04,5.443003238615924406e-04
0.000000000000000000e+00,1.349501323960989430e+00,5.489604071432893306e+00,0.000000000000000000e+00,0.000000000000000000e+00,8.499058750537908935e-01,1.525454658177495003e+04,6.099227453725472592e-04
0.000000000000000000e+00,9.695661185232928858e-01,4.964718730474302788e+00,0.000000000000000000e+00,0.000000000000000000e+00,5.892511328749409083e-01,8.860299884364008904e+03,5.729870776284149347e-04
0.000000000000000000e+00,8.135632221925576113e-01,6.235103791797210526e+00,0.000000000000000000e+00,0.000000000000000000e+00,5.850532570814602762e-01,6.845116352006793022e+03,6.378384333887941997e-04
0.000000000000000000e+00,5.527346938365012008e-01,6.797133338333767760e+00,0.000000000000000000e+00,0.000000000000000000e+00,5.166023683720381010e-01,4.587419897653162479e+03,5.382829997149765535e-04
0.000000000000000000e+00,3.030095396076840086e-01,6.030580295235647093e+00,0.000000000000000000e+00,0.000000000000000000e+00,3.787320287760824189e-01,2.560283126387745142e+03,3.469898259181771328e-04
0.000000000000000000e+00,3.505522733451479911e-01,6.093037149807862818e-01,0.000000000000000000e+00,0.000000000000000000e+00,4.593018236904669926e+00,1.733913961844146252e+04,2.795275991306795608e-03
0.000000000000000000e+00,1.753417143654160126e-01,3.089023377090618361e+00,0.000000000000000000e+00,0.000000000000000000e+00,2.595368657342331797e+00,6.494750217948108912e+03,1.119437137835086263e-03
0.000000000000000000e+00,8.980344971193694736e-02,5.201119601408498383e+00,0.000000000000000000e+00,0.000000000000000000e+00,1.574030090521880920e+00,2.775910555589944124e+03,4.964271457191980156e-04
0.000000000000000000e+00,4.659589723812102013e-02,6.333915530126430049e+00,0.000000000000000000e+00,0.000000000000000000e+00,9.783465074431908493e-01,1.274711699530482292e+03,2.331018495171999292e-04
0.000000000000000000e+00,2.670683363496042378e-02,7.172121340480822838e+00,0.000000000000000000e+00,0.000000000000000000e+00,6.703367017007271222e-01,6.697229694575071335e+02,1.244252728507859668e-04
0.000000000000000000e+00,1.391507206608901676e-02,6.630458518405979440e+00,0.000000000000000000e+00,0.000000000000000000e+00,4.148560080129335415e-01,3.274025664646178484e+02,6.142608850197822494e-05
0.000000000000000000e+00,3.411856180761116963e-01,8.139135763602647292e-04,0.000000000000000000e+00,0.000000000000000000e+00,3.998048212835474402e+00,1.817786916097253561e+04,2.809281991996910675e-03
0.000000000000000000e+00,3.126009264764554318e-01,4.438357140217702446e-01,0.000000000000000000e+00,0.000000000000000000e+00,3.363350421779124133e+00,2.008707513535767794e+04,2.859562032854341164e-03
0.000000000000000000e+00,3.319787187758982405e-01,1.547496931432727152e+00,0.000000000000000000e+00,0.000000000000000000e+00,2.929580214784587966e+00,2.343146449665725231e+04,2.931283819544966852e-03
0.000000000000000000e+00,4.122862920818004540e-01,2.597944734289831636e+00,0.000000000000000000e+00,0.000000000000000000e+00,2.184965539682957480e+00,2.329928927297890186e+04,2.386000019729471195e-03
0.000000000000000000e+00,6.542582011792070773e-01,3.307097291260997718e+00,0.000000000000000000e+00,0.000000000000000000e+00,1.564281999966825154e+00,2.123682515196874738e+04,1.646987125544947198e-03
0.000000000000000000e+00,1.094834242680014835e+00,4.202492452069933826e+00,0.000000000000000000e+00,0.000000000000000000e+00,1.272568124244046084e+00,1.966585196629725397e+04,1.208708610834887624e-03
0.000000000000000000e+00,1.265380549551328615e+00,4.756243074731381526e+00,0.000000000000000000e+00,0.000000000000000000e+00,1.001134731912191267e+00,1.495423411994427443e+04,9.825478263882100969e-04
0.000000000000000000e+00,1.166804767793186093e+00,5.755439185953581394e+00,0.000000000000000000e+00,0.000000000000000000e+00,8.909278481248367187e-01,1.108604969734326005e+04,9.632523801883452691e-04
0.000000000000000000e+00,7.070253713358318759e-01,5.482583520458072179e+00,0.000000000000000000e+00,0.000000000000000000e+00,6.500878263389181511e-01,6.194025892555713654e+03,6.927053644122992213e-04
0.000000000000000000e+00,5.269267576420266774e-01,6.861594091765867987e+00,0.000000000000000000e+00,0.000000000000000000e+00,6.428679234826673028e-01,4.569494641682133079e+03,6.058315457237791347e-04
0.000000000000000000e+00,3.097819668626365930e-01,6.779235421919806548e+00,0.000000000000000000e+00,0.000000000000000000e+00,5.148438578812726263e-01,2.742711470693349838e+03,4.053366280081926055e-04
0.000000000000000000e+00,1.815183947862008262e-01,6.498920452828236272e+00,0.000000000000000000e+00,0.000000000000000000e+00,4.073545999189016054e-01,1.659160994712263346e+03,2.632590659155345405e-04
0.000000000000000000e+00,3.651944768039959155e-01,6.152706041551988525e-01,0.000000000000000000e+00,0.000000000000000000e+00,4.631341148167156696e+00,1.618946842614188790e+04,2.649165775965919758e-03
0.000000000000000000e+00,1.866063545813073932e-01,3.404376164653179604e+00,0.000000000000000000e+00,0.000000000000000000e+00,2.856907982344498276e+00,6.352389254095964134e+03,1.110300385980038558e-03
0.000000000000000000e+00,8.001387117814139083e-02,5.013080673313764279e+00,0.000000000000000000e+00,0.000000000000000000e+00,1.515182998206080267e+00,2.302693967281375080e+03,4.165413996528167357e-04
0.000000000000000000e+00,3.946643620380390488e-02,5.995794232630784037e+00,0.000000000000000000e+00,0.000000000000000000e+00,9.247173609986659715e-01,1.014885318290442228e+03,1.874005953720231138e-04
0.000000000000000000e+00,2.203649934607113114e-02,6.780462918440530729e+00,0.000000000000000000e+00,0.000000000000000000e+00,6.327368842261922310e-01,5.232187855094671249e+02,9.783985385281135480e-05
0.000000000000000000e+00,1.038539301921852058e-02,5.786054495109522300e+00,0.000000000000000000e+00,0.000000000000000000e+00,3.614772685897377769e-01,2.328776280600577593e+02,4.389897006007121639e-05
0.000000000000000000e+00,4.125544651792894535e-01,1.358714426503789333e-03,0.000000000000000000e+00,0.000000000000000000e+00,4.273535668219888173e+00,1.726681265278905630e+04,2.743838290615131965e-03
0.000000000000000000e+00,4.729718811133646339e-01,3.269782883094069503e-01,0.000000000000000000e+00,0.000000000000000000e+00,4.096048749927387433e+00,2.100592874411493540e+04,3.141928663689402042e-03
0.000000000000000000e+00,4.745887893540705615e-01,9.927247154494465153e-01,0.000000000000000000e+00,0.000000000000000000e+00,3.107286091919781335e+00,2.036640531443059444e+04,2.798499776730719105e-03
0.000000000000000000e+00,6.055852765721843056e-01,1.861419503644777373e+00,0.000000000000000000e+00,0.000000000000000000e+00,2.588442591351679312e+00,2.133698131972551346e+04,2.624621015897446279e-03
0.000000000000000000e+00,8.285350383176709466e-01,2.676519943642431620e+00,0.000000000000000000e+00,0.000000000000000000e+00,2.093579104173365124e+00,2.068460647322982550e+04,2.255314309754687628e-03
0.000000000000000000e+00,1.117482575893379293e+00,3.525626398722255583e+00,0.000000000000000000e+00,0.000000000000000000e+00,1.765550402694472165e+00,1.913279017207026482e+04,1.929318637317249284e-03
0.000000000000000000e+00,1.177738586498529028e+00,4.056956026803026916e+00,0.000000000000000000e+00,0.000000000000000000e+00,1.411825919359416481e+00,1.493658678032644093e+04,1.538063703677836373e-03
0.000000000000000000e+00,1.070773181078752190e+00,4.759036821124992045e+00,0.000000000000000000e+00,0.000000000000000000e+00,1.217469735441177203e+00,1.128088862831145525e+04,1.287539065053407194e-03
0.000000000000000000e+00,8.422657426143730364e-01,5.484141022470573112e+00,0.000000000000000000e+00,0.000000000000000000e+00,1.074549499910233186e+00,8.109131879754364491e+03,1.045161606014271063e-03
0.000000000000000000e+00,5.672044199555749122e-01,5.759459418774288686e+00,0.000000000000000000e+00,0.000000000000000000e+00,8.913603056169131511e-01,5.300427425056695938e+03,7.559451926076826787e-04
0.000000000000000000e+00,3.598430595842103674e-01,5.781830625319814843e+00,0.000000000000000000e+00,0.000000000000000000e+00,7.248720267593745659e-01,3.370179279216914438e+03,5.178761520119246542e-04
0.000000000000000000e+00,2.515182071628064842e-01,6.319837639885277802e+00,0.000000000000000000e+00,0.000000000000000000e+00,6.548201104086759372e-01,2.397761960897594690e+03,3.886059866783514189e-04
0.000000000000000000e+00,3.830033262385640902e-01,3.678158327107444170e-01,0.000000000000000000e+00,0.000000000000000000e+00,4.572724632601937955e+00,1.458135209497064352e+04,2.424589618315191580e-03
0.000000000000000000e+00,2.305140736994867601e-01,2.523973353309548084e+00,0.000000000000000000e+00,0.000000000000000000e+00,3.500306748440921822e+00,7.334682489097118378e+03,1.289961503276123743e-03
0.000000000000000000e+00,1.217002925657040685e-01,4.642477079358582337e+00,0.000000000000000000e+00,0.000000000000000000e+00,2.319273944228955386e+00,3.383004921853542328e+03,6.139998224942700127e-04
0.000000000000000000e+00,6.267915108962682225e-02,5.817980394583032400e+00,0.000000000000000000e+00,0.000000000000000000e+00,1.483541027119971600e+00,1.580064236707985401e+03,2.925451680501372945e-04
0.000000000000000000e+00,3.037686902954927007e-02,5.708219160123029212e+00,0.000000000000000000e+00,0.000000000000000000e+00,8.805683882301698073e-01,7.119121342077851295e+02,1.332078005496049194e-04
0.000000000000000000e+00,1.778982314273306123e-02,6.047575741939510863e+00,0.000000000000000000e+00,0.000000000000000000e+00,6.245425819802402634e-01,3.953372986614704132e+02,7.464064806526648002e-05
1.162988926565093228e+00,0.000000000000000000e+00,0.000000000000000000e+00,1.141133891279546946e-02,5.191418560231046975e+00,0.000000000000000000e+00,1.947619972509145737e+04,7.099578674660259785e-04
1.324508470279960104e+00,0.000000000000000000e+00,0.000000000000000000e+00,7.368976122989852051e-01,5.625813801396365221e+00,0.000000000000000000e+00,2.248088228209316730e+04,6.124187413982460628e-04
1.018887597422725388e+00,0.000000000000000000e+00,0.000000000000000000e+00,2.148003720677300166e+00,4.064754707381313281e+00,0.000000000000000000e+00,1.745295489764027297e+04,2.707147560412868372e-04
8.424661515587434923e-01,0.000000000000000000e+00,0.000000000000000000e+00,3.737780625396791567e+00,3.134825015251984315e+00,0.000000000000000000e+00,1.444755676010996103e+04,3.713247961809407676e-05
6.967594359082251998e-01,0.000000000000000000e+00,0.000000000000000000e+00,5.092518106881985140e+00,2.398936085504059346e+00,0.000000000000000000e+00,1.185952732986956835e+04,-1.355723027055620415e-04
5.650932951931763037e-01,0.000000000000000000e+00,0.000000000000000000e+00,5.922948260414504951e+00,1.784150671218053930e+00,0.000000000000000000e+00,9.455096475683152676e+03,-2.494360237511888023e-04
4.593496087004447781e-01,0.000000000000000000e+00,0.000000000000000000e+00,6.299893141405190633e+00,1.317051026397287217e+00,0.000000000000000000e+00,7.473959380917251110e+03,-3.151059301673455855e-04
4.083505109416749046e-01,0.000000000000000000e+00,0.000000000000000000e+00,6.855934606543559795e+00,1.052566946037108320e+00,0.000000000000000000e+00,6.385536820720881224e+03,-3.743713595145229940e-04
3.921168002532184893e-01,0.000000000000000000e+00,0.000000000000000000e+00,7.657022838835782608e+00,8.997531735951980192e-01,0.000000000000000000e+00,5.821549974638968706e+03,-4.399651836981925690e-04
3.260965912912979769e-01,0.000000000000000000e+00,0.000000000000000000e+00,7.114152065633825295e+00,6.603457191724574349e-01,0.000000000000000000e+00,4.542120755307376385e+03,-4.211461492506235883e-04
3.253124485350389339e-01,0.000000000000000000e+00,0.000000000000000000e+00,7.680654300939661283e+00,5.773208146051707068e-01,0.000000000000000000e+00,4.204378819944337010e+03,-4.610842326557432007e-04
3.134501074092910233e-01,0.000000000000000000e+00,0.000000000000000000e+00,7.817746910922480197e+00,4.855349444771805967e-01,0.000000000000000000e+00,3.724603193446993828e+03,-4.691761439707797104e-04
1.149104163735992890e+00,0.000000000000000000e+00,0.000000000000000000e+00,7.390232484079251041e-01,5.453627417711313541e+00,0.000000000000000000e+00,1.883354074236936867e+04,8.995631274687896804e-04
6.543530134813458909e-01,0.000000000000000000e+00,0.000000000000000000e+00,4.135118947631767128e+00,3.427842064970011648e+00,0.000000000000000000e+00,1.030839569919556379e+04,6.824836234061280480e-04
3.243833841532980378e-01,0.000000000000000000e+00,0.000000000000000000e+00,6.212668778674041548e+00,1.858434814616250152e+00,0.000000000000000000e+00,4.901200872659683228e+03,4.025642379657830413e-04
1.840564375176126088e-01,0.000000000000000000e+00,0.000000000000000000e+00,7.501014070476928808e+00,1.146094632497259624e+00,0.000000000000000000e+00,2.663720587287098169e+03,2.545392697632602023e-04
1.025904988552731462e-01,0.000000000000000000e+00,0.000000000000000000e+00,7.481469519867727236e+00,6.919320932071713059e-01,0.000000000000000000e+00,1.424096019336953759e+03,1.523625838287513917e-04
5.959282783887390189e-02,0.000000000000000000e+00,0.000000000000000000e+00,7.010745416298661326e+00,4.340968780961596551e-01,0.000000000000000000e+00,7.952681061476469040e+02,9.253964206669474985e-05
1.079331095060387158e+00,0.000000000000000000e+00,0.000000000000000000e+00,2.797243662897472630e-03,4.745670866001192145e+00,0.000000000000000000e+00,1.699158629745244980e+04,7.392396744424074547e-04
1.251062656228249415e+00,0.000000000000000000e+00,0.000000000000000000e+00,6.376904191152116264e-01,4.896309874446281185e+00,0.000000000000000000e+00,1.986955866915732622e+04,4.781884643899514029e-04
1.251029691775928487e+00,0.000000000000000000e+00,0.000000000000000000e+00,2.211240282255394707e+00,4.225465885865931526e+00,0.000000000000000000e+00,1.959164479989558458e+04,5.568208592953350131e-06
1.062308370925188594e+00,0.000000000000000000e+00,0.000000000000000000e+00,3.546417124903967544e+00,3.007667291531022080e+00,0.000000000000000000e+00,1.587095589580386877e+04,-4.175850517096745137e-04
1.080401379927131034e+00,0.000000000000000000e+00,0.000000000000000000e+00,5.214980780302865604e+00,2.485667424441087903e+00,0.000000000000000000e+00,1.481354553437232971e+04,-8.117721482552714418e-04
9.180710516500842910e-01,0.000000000000000000e+00,0.000000000000000000e+00,5.489005353631180917e+00,1.673571918719563678e+00,0.000000000000000000e+00,1.112023832103982568e+04,-9.278353466795881497e-04
1.010986189873915864e+00,0.000000000000000000e+00,0.000000000000000000e+00,6.829801035153083788e+00,1.445695815347813218e+00,0.000000000000000000e+00,1.050433276428282261e+04,-1.150094738118100004e-03
9.474627746505486225e-01,0.000000000000000000e+00,0.000000000000000000e+00,6.916469355787524087e+00,1.075323759721677597e+00,0.000000000000000000e+00,8.325470010094344616e+03,-1.078086595452513053e-03
8.435151105592184617e-01,0.000000000000000000e+00,0.000000000000000000e+00,6.609569459125351543e+00,7.867797689759089552e-01,0.000000000000000000e+00,6.287108972843736410e+03,-8.807505296142527579e-04
8.934346077349758497e-01,0.000000000000000000e+00,0.000000000000000000e+00,7.670968200602622744e+00,7.215233445908375565e-01,0.000000000000000000e+00,5.747129881810396910e+03,-8.003214723655934686e-04
7.433803392406285182e-01,0.000000000000000000e+00,0.000000000000000000e+00,7.247530172162900186e+00,5.522795898112593527e-01,0.000000000000000000e+00,4.235630946327932179e+03,-5.385901362973975542e-04
7.081879844561985715e-01,0.000000000000000000e+00,0.000000000000000000e+00,8.155250913703596893e+00,5.137200453290621249e-01,0.000000000000000000e+00,3.678199511963874102e+03,-3.902505594585943863e-04
1.006989503492024207e+00,0.000000000000000000e+00,0.000000000000000000e+00,6.598382738252245305e-01,4.973122375719382759e+00,0.000000000000000000e+00,1.544351351252198219e+04,9.721280961431806025e-04
5.234629837252757767e-01,0.000000000000000000e+00,0.000000000000000000e+00,3.694314409048958581e+00,3.113859693226605163e+00,0.000000000000000000e+00,7.500372426513582468e+03,6.912660165155204558e-04
2.729430216376267926e-01,0.000000000000000000e+00,0.000000000000000000e+00,6.291005832419649835e+00,1.911247355963372030e+00,0.000000000000000000e+00,3.636057940319180489e+03,4.131810755963414563e-04
1.449512728008950646e-01,0.000000000000000000e+00,0.000000000000000000e+00,7.610511315317689984e+00,1.180091171171109732e+00,0.000000000000000000e+00,1.805234943847171962e+03,2.335816710633589733e-04
7.735932269517892257e-02,0.000000000000000000e+00,0.000000000000000000e+00,7.756763230163796763e+00,7.273945828744051711e-01,0.000000000000000000e+00,9.101962725147604942e+02,1.283660600378104815e-04
4.783750665188191836e-02,0.000000000000000000e+00,0.000000000000000000e+00,8.216973540461069092e+00,5.161901710011449484e-01,0.000000000000000000e+00,5.358082635253667831e+02,8.050567783885274463e-05
1.307749684333812112e+00,0.000000000000000000e+00,0.000000000000000000e+00,1.547417697556059072e-03,5.683502057308923661e+00,0.000000000000000000e+00,1.891935624927282333e+04,1.022186262234739363e-03
1.454432527473728198e+00,0.000000000000000000e+00,0.000000000000000000e+00,6.867203569492684734e-01,5.231306938886636893e+00,0.000000000000000000e+00,2.078921473546326160e+04,5.691698031581375562e-04
1.367682866886033688e+00,0.000000000000000000e+00,0.000000000000000000e+00,2.030127487472550118e+00,3.856572704628139725e+00,0.000000000000000000e+00,1.831781743634911254e+04,-8.777726008902052128e-05
1.364440965811564377e+00,0.000000000000000000e+00,0.000000000000000000e+00,3.411874751773289915e+00,2.877791308728775199e+00,0.000000000000000000e+00,1.602831737404057640e+04,-6.244405587154740374e-04
1.557987287684594602e+00,0.000000000000000000e+00,0.000000000000000000e+00,5.072754277732475003e+00,2.405618220563005227e+00,0.000000000000000000e+00,1.516871836985647678e+04,-1.057962566710635415e-03
1.485819188252881506e+00,0.000000000000000000e+00,0.000000000000000000e+00,5.698346507721188559e+00,1.729204141274339079e+00,0.000000000000000000e+00,1.171299803502394934e+04,-1.047689274237341905e-03
1.411283664230368329e+00,0.000000000000000000e+00,0.000000000000000000e+00,6.374933890233126732e+00,1.343324625711629361e+00,0.000000000000000000e+00,9.157572652004659176e+03,-8.376389036033129749e-04
1.244057640320101354e+00,0.000000000000000000e+00,0.000000000000000000e+00,6.980887996929783235e+00,1.080984953478351551e+00,0.000000000000000000e+00,6.938886677011847496e+03,-5.210438555395923007e-04
9.662578429120871615e-01,0.000000000000000000e+00,0.000000000000000000e+00,7.183833555246625480e+00,8.518605648652274320e-01,0.000000000000000000e+00,4.870721448853611946e+03,-2.238718505964080855e-04
7.661996806677721095e-01,0.000000000000000000e+00,0.000000000000000000e+00,7.932504056769211331e+00,7.433212484087379224e-01,0.000000000000000000e+00,3.643698951363563538e+03,-4.341449727888196675e-05
5.268092053258101037e-01,0.000000000000000000e+00,0.000000000000000000e+00,7.808403008216564523e+00,5.927149069140370541e-01,0.000000000000000000e+00,2.437934915795922279e+03,5.131223993925987300e-05
3.724382987789566224e-01,0.000000000000000000e+00,0.000000000000000000e+00,7.971528963772155585e+00,5.000287501564423254e-01,0.000000000000000000e+00,1.711205618113279343e+03,8.555257242836952671e-05
9.822880144621188858e-01,0.000000000000000000e+00,0.000000000000000000e+00,6.741728732349179243e-01,5.069919718111035145e+00,0.000000000000000000e+00,1.390605241712927818e+04,1.089682485726212527e-03
5.042252490646161878e-01,0.000000000000000000e+00,0.000000000000000000e+00,4.059304328856378596e+00,3.408776053245963666e+00,0.000000000000000000e+00,6.584084895845502615e+03,7.404195561613071937e-04
2.128533519910343064e-01,0.000000000000000000e+00,0.000000000000000000e+00,5.992791693468890735e+00,1.813445594631026392e+00,0.000000000000000000e+00,2.550991810977458954e+03,3.436881331121080128e-04
1.073601290300626454e-01,0.000000000000000000e+00,0.000000000000000000e+00,7.318208364853638237e+00,1.130186675317027545e+00,0.000000000000000000e+00,1.197094005517661572e+03,1.789969410051490246e-04
5.911210892013712970e-02,0.000000000000000000e+00,0.000000000000000000e+00,8.088848545149762259e+00,7.555824521483620604e-01,0.000000000000000000e+00,6.208228283673524857e+02,9.906043248844349921e-05
3.705976263797318426e-02,0.000000000000000000e+00,0.000000000000000000e+00,9.058155086171472803e+00,5.666318348226402346e-01,0.000000000000000000e+00,3.700035376511514187e+02,6.188220358357859907e-05
1.221102532142216202e+00,0.000000000000000000e+00,0.000000000000000000e+00,1.589282514524816871e-03,5.317650632784155285e+00,0.000000000000000000e+00,1.611652043579518795e+04,1.072274899957640975e-03
1.419935730012610531e+00,0.000000000000000000e+00,0.000000000000000000e+00,6.305686778753215593e-01,4.784479700368073019e+00,0.000000000000000000e+00,1.796359582309331745e+04,6.547669843741806776e-04
1.752995135435452934e+00,0.000000000000000000e+00,0.000000000000000000e+00,2.259277339297995901e+00,4.279741829315502066e+00,0.000000000000000000e+00,1.961175155042111874e+04,3.913094534754234618e-05
1.610682483760322636e+00,0.000000000000000000e+00,0.000000000000000000e+00,3.297547996729475628e+00,2.773888095459345227e+00,0.000000000000000000e+00,1.475185084438882768e+04,-4.237666805801255216e-04
1.737035792478547780e+00,0.000000000000000000e+00,0.000000000000000000e+00,4.699890419719211287e+00,2.223806220415875945e+00,0.000000000000000000e+00,1.265521568800322711e+04,-5.624515034843874817e-04
1.554665383505376974e+00,0.000000000000000000e+00,0.000000000000000000e+00,5.570579480879988665e+00,1.686865427768493131e+00,0.000000000000000000e+00,9.307639515697956085e+03,-3.479389763017668629e-04
1.233298504583609345e+00,0.000000000000000000e+00,0.000000000000000000e+00,6.295592642721916654e+00,1.324160808115909083e+00,0.000000000000000000e+00,6.471351977186277509e+03,-7.238215614889046139e-05
9.258305321581018488e-01,0.000000000000000000e+00,0.000000000000000000e+00,7.200364045817450709e+00,1.112777619401542406e+00,0.000000000000000000e+00,4.526578988514840603e+03,1.040976310801200358e-04
5.673618348937813360e-01,0.000000000000000000e+00,0.000000000000000000e+00,6.950451038300679230e+00,8.223441658941272880e-01,0.000000000000000000e+00,2.697639081544242799e+03,1.510699331403718708e-04
4.070734731355794556e-01,0.000000000000000000e+00,0.000000000000000000e+00,7.880529885955474434e+00,7.366324008939878487e-01,0.000000000000000000e+00,1.930053777489811182e+03,1.615116889450567985e-04
2.704300407384011007e-01,0.000000000000000000e+00,0.000000000000000000e+00,8.150307425323598309e+00,6.169757967137375898e-01,0.000000000000000000e+00,1.295525863476097584e+03,1.366048084172155977e-04
1.781449152108642575e-01,0.000000000000000000e+00,0.000000000000000000e+00,8.163537084184120829e+00,5.105305096614288773e-01,0.000000000000000000e+00,8.675278701502829790e+02,1.060899972752740874e-04
1.076020156453897147e+00,0.000000000000000000e+00,0.000000000000000000e+00,7.799864521944986917e-01,5.861163813558497360e+00,0.000000000000000000e+00,1.406204977071285248e+04,1.305919925482520918e-03
4.331531504118145692e-01,0.000000000000000000e+00,0.000000000000000000e+00,3.980808475097068477e+00,3.336688155997037164e+00,0.000000000000000000e+00,5.221473790112882853e+03,6.685872159601972085e-04
1.761924490768428109e-01,0.000000000000000000e+00,0.000000000000000000e+00,6.014944926951096171e+00,1.816291143999283486e+00,0.000000000000000000e+00,1.947276572328060865e+03,2.900312388611075444e-04
8.266199835828721976e-02,0.000000000000000000e+00,0.000000000000000000e+00,7.166692149645197851e+00,1.104417798342940404e+00,0.000000000000000000e+00,8.507472245953977108e+02,1.375597777454037668e-04
3.979806125696472990e-02,0.000000000000000000e+00,0.000000000000000000e+00,7.213218700624057789e+00,6.726083379470834123e-01,0.000000000000000000e+00,3.875276941359043121e+02,6.577572296399792576e-05
2.487689188330315104e-02,0.000000000000000000e+00,0.000000000000000000e+00,8.332411526178384875e+00,5.199098005364367614e-01,0.000000000000000000e+00,2.316892916262149811e+02,4.077453738048574493e-05
1.347923543463437568e+00,0.000000000000000000e+00,0.000000000000000000e+00,1.398984103096894338e-03,5.994002235795445444e+00,0.000000000000000000e+00,1.629153717990219593e+04,1.297349635946632319e-03
1.621795063588965080e+00,0.000000000000000000e+00,0.000000000000000000e+00,4.782231106562147560e-01,5.668835458938603189e+00,0.000000000000000000e+00,1.862528325785323977e+04,1.042744483488731869e-03
1.759120061557200465e+00,0.000000000000000000e+00,0.000000000000000000e+00,1.563574048074819922e+00,4.628108740143900945e+00,0.000000000000000000e+00,1.806280153071135283e+04,5.464356535789017828e-04
1.897540000484188694e+00,0.000000000000000000e+00,0.000000000000000000e+00,2.838705043899822034e+00,3.731822945665087321e+00,0.000000000000000000e+00,1.651059935524687171e+04,1.398038773707099684e-04
2.000592000698140360e+00,0.000000000000000000e+00,0.000000000000000000e+00,4.178979717878742228e+00,3.089507203207720210e+00,0.000000000000000000e+00,1.445929185886681080e+04,-3.291540316004293315e-05
1.734196516000713117e+00,0.000000000000000000e+00,0.000000000000000000e+00,4.929928887229606538e+00,2.332709851755256025e+00,0.000000000000000000e+00,1.064251628024876118e+04,2.693649961333640391e-05
1.496973018915727316e+00,0.000000000000000000e+00,0.000000000000000000e+00,6.030967600834658882e+00,1.981966563832570083e+00,0.000000000000000000e+00,8.171174449793994427e+03,1.702128678686104079e-04
1.131860643297072588e+00,0.000000000000000000e+00,0.000000000000000000e+00,6.774081488448400634e+00,1.635627027557346347e+00,0.000000000000000000e+00,5.764439624965190887e+03,2.641219280919044634e-04
7.181685593353683839e-01,0.000000000000000000e+00,0.000000000000000000e+00,6.562765967501193565e+00,1.213197286525439678e+00,0.000000000000000000e+00,3.539472201444208622e+03,2.520408815567973205e-04
5.026774019361460732e-01,0.000000000000000000e+00,0.000000000000000000e+00,7.051565570873369992e+00,1.029855142732458706e+00,0.000000000000000000e+00,2.454581733625847846e+03,2.297177844710522414e-04
3.734951638465697221e-01,0.000000000000000000e+00,0.000000000000000000e+00,7.962181414305180560e+00,9.418120718594400476e-01,0.000000000000000000e+00,1.831648374557495117e+03,2.051165143985692377e-04
2.485955737557440370e-01,0.000000000000000000e+00,0.000000000000000000e+00,7.904484608781628729e+00,7.723683889958975479e-01,0.000000000000000000e+00,1.233145113106351346e+03,1.559626175056306357e-04
1.164165146109556792e+00,0.000000000000000000e+00,0.000000000000000000e+00,5.489059639877360564e-01,6.447331853870990059e+00,0.000000000000000000e+00,1.418048451930284500e+04,1.436732617070227841e-03
5.610518072231609477e-01,0.000000000000000000e+00,0.000000000000000000e+00,3.358248276866126147e+00,4.397933309193915896e+00,0.000000000000000000e+00,6.497655229160562158e+03,8.559754027722635966e-04
2.479903915722748986e-01,0.000000000000000000e+00,0.000000000000000000e+00,5.511754439818581375e+00,2.600680469759162339e+00,0.000000000000000000e+00,2.679356234069913626e+03,4.035325379377926840e-04
1.183866908309294808e-01,0.000000000000000000e+00,0.000000000000000000e+00,6.671293344215760257e+00,1.606342000070513754e+00,0.000000000000000000e+00,1.202324202328920364e+03,1.953757854698106049e-04
6.563014466749911291e-02,0.000000000000000000e+00,0.000000000000000000e+00,7.716692228511414342e+00,1.124036546465976061e+00,0.000000000000000000e+00,6.339270412996411324e+02,1.080113564296648014e-04
3.716792880931012177e-02,0.000000000000000000e+00,0.000000000000000000e+00,8.047152937493445179e+00,7.849290736214009634e-01,0.000000000000000000e+00,3.437986638974398375e+02,6.071305961393912382e-05
1.168498079037327608e+00,0.000000000000000000e+00,0.000000000000000000e+00,1.021064243304870521e-03,5.407864263901487334e+00,0.000000000000000000e+00,1.305199998357892036e+04,1.206014085310817049e-03
1.478053385517744900e+00,0.000000000000000000e+00,0.000000000000000000e+00,3.212086673857299512e-01,5.485296924693964904e+00,0.000000000000000000e+00,1.563754535202495754e+04,1.159666296622668003e-03
1.698234112408595120e+00,0.000000000000000000e+00,0.000000000000000000e+00,1.155193974538933022e+00,4.920825402446850738e+00,0.000000000000000000e+00,1.626072575936466455e+04,8.978983332123786432e-04
1.897951137182867232e+00,0.000000000000000000e+00,0.000000000000000000e+00,2.280689068438269462e+00,4.316218939221863948e+00,0.000000000000000000e+00,1.584490145014971495e+04,6.322081451302578436e-04
1.850874966899862972e+00,0.000000000000000000e+00,0.000000000000000000e+00,3.245293498190828352e+00,3.456054313849040049e+00,0.000000000000000000e+00,1.329116328725591302e+04,4.327727071880916113e-04
1.922613353951182269e+00,0.000000000000000000e+00,0.000000000000000000e+00,4.696748755353637783e+00,3.200178159098400865e+00,0.000000000000000000e+00,1.205097850161476526e+04,4.319756876221196953e-04
1.426994808204688825e+00,0.000000000000000000e+00,0.000000000000000000e+00,4.927494394503463049e+00,2.331646888787917593e+00,0.000000000000000000e+00,8.070684909105300903e+03,3.917130075823409188e-04
1.161436452754045723e+00,0.000000000000000000e+00,0.000000000000000000e+00,5.837303611257156355e+00,2.029432557071988885e+00,0.000000000000000000e+00,6.148109261373057961e+03,4.092112709289522695e-04
7.976750346891409160e-01,0.000000000000000000e+00,0.000000000000000000e+00,5.955195922069636438e+00,1.585074618250796208e+00,0.000000000000000000e+00,4.073852127050980926e+03,3.493843495623624555e-04
5.975066608323494899e-01,0.000000000000000000e+00,0.000000000000000000e+00,6.662887120758169246e+00,1.401082745214010439e+00,0.000000000000000000e+00,3.007456508614122868e+03,3.114106873449517632e-04
4.427312356233100710e-01,0.000000000000000000e+00,0.000000000000000000e+00,7.325027288672937509e+00,1.247560320519219834e+00,0.000000000000000000e+00,2.225863730899989605e+03,2.642981758718318508e-04
3.005500701935152619e-01,0.000000000000000000e+00,0.000000000000000000e+00,7.273200786836066634e+00,1.023725933451709480e+00,0.000000000000000000e+00,1.521312768988311291e+03,1.995416260738589538e-04
1.002135508067358405e+00,0.000000000000000000e+00,0.000000000000000000e+00,3.391981308783463822e-01,5.720550462149571302e+00,0.000000000000000000e+00,1.141782904384285212e+04,1.254816515667842589e-03
5.806518696436535620e-01,0.000000000000000000e+00,0.000000000000000000e+00,2.474637284969816164e+00,4.665308486347123029e+00,0.000000000000000000e+00,6.451322167880833149e+03,8.756028304701052919e-04
3.159435076242273488e-01,0.000000000000000000e+00,0.000000000000000000e+00,4.983643336903643473e+00,3.385283764277057905e+00,0.000000000000000000e+00,3.328631798279006034e+03,5.083001144407302708e-04
1.606840187717101520e-01,0.000000000000000000e+00,0.000000000000000000e+00,6.409510882044004987e+00,2.222191918880479289e+00,0.000000000000000000e+00,1.607514803651720285e+03,2.628457657786204145e-04
8.998575873292395666e-02,0.000000000000000000e+00,0.000000000000000000e+00,7.469835440796817494e+00,1.566919924013681298e+00,0.000000000000000000e+00,8.610908490130677819e+02,1.473920756145672751e-04
4.678620779398839219e-02,0.000000000000000000e+00,0.000000000000000000e+00,7.156987700088882853e+00,1.004994888970991873e+00,0.000000000000000000e+00,4.315092070996761322e+02,7.617760431038101863e-05
