-3.663535496211197451e+00,0.000000000000000000e+00,-2.076001846540719271e+04,0.000000000000000000e+00,-2.700703474574340807e-03,-1.071853512441375139e-03,0.000000000000000000e+00,0.000000000000000000e+00,0.000000000000000000e+00,-2.231648311004098550e-01
3.590201063624485656e+00,0.000000000000000000e+00,2.319627685470320284e+04,0.000000000000000000e+00,2.868493215482327465e-03,4.721261160852053274e-01,0.000000000000000000e+00,0.000000000000000000e+00,0.000000000000000000e+00,1.859758257424927452e-01
-2.822054786017965888e+00,0.000000000000000000e+00,-2.106173450336605310e+04,0.000000000000000000e+00,-2.432809955696519939e-03,-1.487703272158904078e+00,0.000000000000000000e+00,0.000000000000000000e+00,0.000000000000000000e+00,-1.058517273812786125e-01
2.315736901262217540e+00,0.000000000000000000e+00,2.011324559418857098e+04,0.000000000000000000e+00,2.121342312693754589e-03,2.748311972996804187e+00,0.000000000000000000e+00,0.000000000000000000e+00,0.000000000000000000e+00,3.971710246763616309e-02
-1.880451710156209266e+00,0.000000000000000000e+00,-1.915456952145323157e+04,0.000000000000000000e+00,-1.782777458275043711e-03,-3.969319039882438283e+00,0.000000000000000000e+00,0.000000000000000000e+00,0.000000000000000000e+00,1.918130909406411122e-02
-1.407912903774346747e+00,0.000000000000000000e+00,-1.694246397428214550e+04,0.000000000000000000e+00,-1.317962500986545864e-03,-4.644864041915293562e+00,0.000000000000000000e+00,0.000000000000000000e+00,0.000000000000000000e+00,6.196566638586999826e-02
1.071212114981371144e+00,0.000000000000000000e+00,1.532248201001435518e+04,0.000000000000000000e+00,9.042412260359675765e-04,5.090957567579326160e+00,0.000000000000000000e+00,0.000000000000000000e+00,0.000000000000000000e+00,-8.542285073484576219e-02
8.664034785090519719e-01,0.000000000000000000e+00,1.478069655600190163e+04,0.000000000000000000e+00,5.354649845064525255e-04,5.605576388966158063e+00,0.000000000000000000e+00,0.000000000000000000e+00,0.000000000000000000e+00,-8.967608777975402679e-02
-6.315020200559338104e-01,0.000000000000000000e+00,-1.283118832015991211e+04,0.000000000000000000e+00,-1.195895035884823529e-04,-5.339218760824320675e+00,0.000000000000000000e+00,0.000000000000000000e+00,0.000000000000000000e+00,5.262131183625775449e-02
5.558818310033811771e-01,0.000000000000000000e+00,1.333148306685406715e+04,0.000000000000000000e+00,-2.773807273479433531e-04,5.953280429582727074e+00,0.000000000000000000e+00,0.000000000000000000e+00,0.000000000000000000e+00,2.275262539603601156e-02
-4.570055844259351407e-01,0.000000000000000000e+00,-1.265201812265068293e+04,0.000000000000000000e+00,6.495407075362431273e-04,-6.043236887458944828e+00,0.000000000000000000e+00,0.000000000000000000e+00,0.000000000000000000e+00,-1.624507933384501113e-01
3.670530786201758322e-01,0.000000000000000000e+00,1.132331185365840793e+04,0.000000000000000000e+00,-8.752136110312601055e-04,5.878605050549119859e+00,0.000000000000000000e+00,0.000000000000000000e+00,0.000000000000000000e+00,3.403398208595265206e-01
4.274522440004443702e+00,0.000000000000000000e+00,2.112063221538066864e+04,0.000000000000000000e+00,2.874005967478717588e-03,5.676165623667961402e-01,0.000000000000000000e+00,0.000000000000000000e+00,0.000000000000000000e+00,2.864153954516229783e-01
2.783519209166312791e+00,0.000000000000000000e+00,1.079962894749641418e+04,0.000000000000000000e+00,1.566422199760681777e-03,3.314293079426880784e+00,0.000000000000000000e+00,0.000000000000000000e+00,0.000000000000000000e+00,1.982309532951090081e-01
1.513323418569671341e+00,0.000000000000000000e+00,4.721375858929939568e+03,0.000000000000000000e+00,7.153631917821180741e-04,5.002709904379450734e+00,0.000000000000000000e+00,0.000000000000000000e+00,0.000000000000000000e+00,1.059479907772177265e-01
-8.729246401788992582e-01,0.000000000000000000e+00,-2.233795280945487320e+03,0.000000000000000000e+00,-3.490438870447631621e-04,-5.655680984877319517e+00,0.000000000000000000e+00,0.000000000000000000e+00,0.000000000000000000e+00,-5.791008535207172597e-02
5.633215914741966923e-01,0.000000000000000000e+00,1.201435846187174320e+03,0.000000000000000000e+00,1.921198567651467382e-04,6.031381190474886189e+00,0.000000000000000000e+00,0.000000000000000000e+00,0.000000000000000000e+00,3.475802461732184490e-02
4.187521040899165881e-01,0.000000000000000000e+00,7.552228605039417744e+02,0.000000000000000000e+00,1.228363969996736148e-04,6.696877108849591309e+00,0.000000000000000000e+00,0.000000000000000000e+00,0.000000000000000000e+00,2.381439552139583485e-02
-4.213355051887265112e+00,0.000000000000000000e+00,-2.313968129307031631e+04,0.000000000000000000e+00,-3.043989186458673571e-03,-8.735529694100754210e-04,0.000000000000000000e+00,0.000000000000000000e+00,0.000000000000000000e+00,-2.860253926105513766e-01
-3.436207559583619897e+00,0.000000000000000000e+00,-2.242785468364879489e+04,0.000000000000000000e+00,-2.760138447285895042e-03,-4.533530824052859343e-01,0.000000000000000000e+00,0.000000000000000000e+00,0.000000000000000000e+00,-2.037836715320698322e-01
2.968804677911150325e+00,0.000000000000000000e+00,2.342325212816894054e+04,0.000000000000000000e+00,2.621143635417506196e-03,1.568832781774916585e+00,0.000000000000000000e+00,0.000000000000000000e+00,0.000000000000000000e+00,1.322708645864514587e-01
2.364406808307382590e+00,0.000000000000000000e+00,2.280371511476859450e+04,0.000000000000000000e+00,2.221855105551143791e-03,2.813021012052137504e+00,0.000000000000000000e+00,0.000000000000000000e+00,0.000000000000000000e+00,5.594644718890746937e-02
-1.752267967892449541e+00,0.000000000000000000e+00,-2.086229256081022322e+04,0.000000000000000000e+00,-1.642847282379270371e-03,-3.707918384190077354e+00,0.000000000000000000e+00,0.000000000000000000e+00,0.000000000000000000e+00,-1.733598120903334693e-03
-1.336409984581014676e+00,0.000000000000000000e+00,-1.974712367299944162e+04,0.000000000000000000e+00,-1.086400684412104634e-03,-4.420006280050666980e+00,0.000000000000000000e+00,0.000000000000000000e+00,0.000000000000000000e+00,7.762792520397486518e-03
-9.738617800732369822e-01,0.000000000000000000e+00,-1.779106080723553896e+04,0.000000000000000000e+00,-4.653921274421174794e-04,-4.639852575032630710e+00,0.000000000000000000e+00,0.000000000000000000e+00,0.000000000000000000e+00,-4.974370914080311623e-02
7.074438743238691263e-01,0.000000000000000000e+00,1.565853925064299256e+04,0.000000000000000000e+00,-8.972717449161893830e-05,4.590416889461428340e+00,0.000000000000000000e+00,0.000000000000000000e+00,0.000000000000000000e+00,1.890750782340776259e-01
-6.595003450203736906e-01,0.000000000000000000e+00,-1.690452709955722094e+04,0.000000000000000000e+00,5.842545589584841872e-04,-5.592124713864754071e+00,0.000000000000000000e+00,0.000000000000000000e+00,0.000000000000000000e+00,-4.985432930629643544e-01
5.545212002329231726e-01,0.000000000000000000e+00,1.529122587519790977e+04,0.000000000000000000e+00,-7.759090410513105451e-04,5.949363640560333621e+00,0.000000000000000000e+00,0.000000000000000000e+00,0.000000000000000000e+00,8.305885476578916959e-01
-3.901443291239614641e-01,0.000000000000000000e+00,-1.056494881769642234e+04,0.000000000000000000e+00,4.963994824755827220e-04,-5.162719869378253001e+00,0.000000000000000000e+00,0.000000000000000000e+00,0.000000000000000000e+00,-8.600068908594888928e-01
-4.050483739926585836e-01,0.000000000000000000e+00,-9.878017747998237610e+03,0.000000000000000000e+00,2.478054119494427958e-04,-6.477105066587701465e+00,0.000000000000000000e+00,0.000000000000000000e+00,0.000000000000000000e+00,-1.026590051070416898e+00
4.051807102091387947e+00,0.000000000000000000e+00,1.870058605504035950e+04,0.000000000000000000e+00,2.596399002920186765e-03,5.388785499794647160e-01,0.000000000000000000e+00,0.000000000000000000e+00,0.000000000000000000e+00,2.930172879099085526e-01
-3.067079745277376812e+00,0.000000000000000000e+00,-1.043818958761543036e+04,0.000000000000000000e+00,-1.556338729408952284e-03,-3.659785029953479540e+00,0.000000000000000000e+00,0.000000000000000000e+00,0.000000000000000000e+00,-2.223345516861175153e-01
-1.636922683268492662e+00,0.000000000000000000e+00,-4.258011585727334023e+03,0.000000000000000000e+00,-6.638222997552231403e-04,-5.422916353976041215e+00,0.000000000000000000e+00,0.000000000000000000e+00,0.000000000000000000e+00,-1.105091340837808106e-01
8.837205420930983601e-01,0.000000000000000000e+00,1.808447012908756733e+03,0.000000000000000000e+00,2.903590180019962317e-04,5.736181637906248909e+00,0.000000000000000000e+00,0.000000000000000000e+00,0.000000000000000000e+00,5.384432229965697980e-02
-5.559880070394949136e-01,0.000000000000000000e+00,-9.167642758861184120e+02,0.000000000000000000e+00,-1.501745371380693635e-04,-5.964889979922003427e+00,0.000000000000000000e+00,0.000000000000000000e+00,0.000000000000000000e+00,-3.021056121881034520e-02
4.271354917518909167e-01,0.000000000000000000e+00,5.788589324895292521e+02,0.000000000000000000e+00,9.635715053093072357e-05,6.844694895161988590e+00,0.000000000000000000e+00,0.000000000000000000e+00,0.000000000000000000e+00,2.061552534844143802e-02
-4.197022416791775790e+00,0.000000000000000000e+00,-2.217131621473282576e+04,0.000000000000000000e+00,-2.955385685158675498e-03,-5.666740696190081250e-04,0.000000000000000000e+00,0.000000000000000000e+00,0.000000000000000000e+00,-3.168613693739770754e-01
3.611296697407623491e+00,0.000000000000000000e+00,2.353032879961282015e+04,0.000000000000000000e+00,2.897382195863919263e-03,4.770616602200581924e-01,0.000000000000000000e+00,0.000000000000000000e+00,0.000000000000000000e+00,2.541150701563516523e-01
-2.850994832801154288e+00,0.000000000000000000e+00,-2.337995501681417227e+04,0.000000000000000000e+00,-2.554710275448188531e-03,-1.508936507161693363e+00,0.000000000000000000e+00,0.000000000000000000e+00,0.000000000000000000e+00,-1.749650365163349652e-01
2.363209285757748468e+00,0.000000000000000000e+00,2.468328658575937152e+04,0.000000000000000000e+00,2.239978566897315657e-03,2.816006773328201707e+00,0.000000000000000000e+00,0.000000000000000000e+00,0.000000000000000000e+00,1.296364891087494475e-01
-1.605733613576615815e+00,0.000000000000000000e+00,-2.146006136877834797e+04,0.000000000000000000e+00,-1.429205050664796375e-03,-3.402753959129801054e+00,0.000000000000000000e+00,0.000000000000000000e+00,0.000000000000000000e+00,-1.227065466191136073e-01
-1.222136505509202831e+00,0.000000000000000000e+00,-2.064808020442724228e+04,0.000000000000000000e+00,-7.728502456625338827e-04,-4.048146016879213605e+00,0.000000000000000000e+00,0.000000000000000000e+00,0.000000000000000000e+00,-2.395064489562645782e-01
-8.895462346978438850e-01,0.000000000000000000e+00,-1.820841414908692241e+04,0.000000000000000000e+00,-1.439097042805497124e-04,-4.244781706605462723e+00,0.000000000000000000e+00,0.000000000000000000e+00,0.000000000000000000e+00,-4.765929753382485701e-01
8.642208514166302979e-01,0.000000000000000000e+00,1.971125522173196077e+04,0.000000000000000000e+00,-2.268619363229894064e-04,5.612654915275007816e+00,0.000000000000000000e+00,0.000000000000000000e+00,0.000000000000000000e+00,9.915231207631277632e-01
6.763874329583973166e-01,0.000000000000000000e+00,1.531578523711487651e+04,0.000000000000000000e+00,-1.590320160683497805e-04,5.733302833043375735e+00,0.000000000000000000e+00,0.000000000000000000e+00,0.000000000000000000e+00,1.203410715775455664e+00
4.841445623724290326e-01,0.000000000000000000e+00,9.716792867195617873e+03,0.000000000000000000e+00,1.030657004455086726e-04,5.186133995269602615e+00,0.000000000000000000e+00,0.000000000000000000e+00,0.000000000000000000e+00,9.900191539138460950e-01
-4.941625176869926528e-01,0.000000000000000000e+00,-8.127190330140292645e+03,0.000000000000000000e+00,-3.287814791151609517e-04,-6.528920287266702260e+00,0.000000000000000000e+00,0.000000000000000000e+00,0.000000000000000000e+00,-9.386886033045239719e-01
4.152182791466391687e-01,0.000000000000000000e+00,5.388964744687080383e+03,0.000000000000000000e+00,3.732007737882054579e-04,6.637835138467532481e+00,0.000000000000000000e+00,0.000000000000000000e+00,0.000000000000000000e+00,6.504553103066256226e-01
4.244000472164228377e+00,0.000000000000000000e+00,1.823419583500828594e+04,0.000000000000000000e+00,2.580533955901852770e-03,5.652169571426932659e-01,0.000000000000000000e+00,0.000000000000000000e+00,0.000000000000000000e+00,3.259111626726780009e-01
-2.809728227730932559e+00,0.000000000000000000e+00,-8.425078978583216667e+03,0.000000000000000000e+00,-1.284642160787546807e-03,-3.356647531981196142e+00,0.000000000000000000e+00,0.000000000000000000e+00,0.000000000000000000e+00,-2.023719311442580271e-01
1.465196904933589783e+00,0.000000000000000000e+00,3.217486155845224857e+03,0.000000000000000000e+00,5.125392307620215858e-04,4.859999119040633531e+00,0.000000000000000000e+00,0.000000000000000000e+00,0.000000000000000000e+00,9.330832739993004388e-02
-9.080010979209084399e-01,0.000000000000000000e+00,-1.517135426463559270e+03,0.000000000000000000e+00,-2.482982761900737819e-04,-5.901870304896798203e+00,0.000000000000000000e+00,0.000000000000000000e+00,0.000000000000000000e+00,-5.002848935797796215e-02
-6.285383608538391842e-01,0.000000000000000000e+00,-8.238597288693999872e+02,0.000000000000000000e+00,-1.372815275226021547e-04,-6.752789473898719308e+00,0.000000000000000000e+00,0.000000000000000000e+00,0.000000000000000000e+00,-2.982586964544632277e-02
-4.009015777479686959e-01,0.000000000000000000e+00,-4.225192275159060955e+02,0.000000000000000000e+00,-7.123400436452914013e-05,-6.432712242195801622e+00,0.000000000000000000e+00,0.000000000000000000e+00,0.000000000000000000e+00,-1.640321327607442703e-02
-4.100672667184587894e+00,0.000000000000000000e+00,-2.069825641138851643e+04,0.000000000000000000e+00,-2.799624875070940312e-03,-8.644930510023915785e-04,0.000000000000000000e+00,0.000000000000000000e+00,0.000000000000000000e+00,-3.407240189113980855e-01
3.592014079791154835e+00,0.000000000000000000e+00,2.308012245061993599e+04,0.000000000000000000e+00,2.859138392540069244e-03,4.733246807093564601e-01,0.000000000000000000e+00,0.000000000000000000e+00,0.000000000000000000e+00,3.024447135625677463e-01
2.609987685561715676e+00,0.000000000000000000e+00,2.179517360501736403e+04,0.000000000000000000e+00,2.353759490425491856e-03,1.376390060180938679e+00,0.000000000000000000e+00,0.000000000000000000e+00,0.000000000000000000e+00,2.304123844168528001e-01
2.114873575148692009e+00,0.000000000000000000e+00,2.311611601255834103e+04,0.000000000000000000e+00,2.003737104038959965e-03,2.511480050547684861e+00,0.000000000000000000e+00,0.000000000000000000e+00,0.000000000000000000e+00,2.458872489520686766e-01
1.595091974000379942e+00,0.000000000000000000e+00,2.252372393529908732e+04,0.000000000000000000e+00,1.358128987786377329e-03,3.367993397558624036e+00,0.000000000000000000e+00,0.000000000000000000e+00,0.000000000000000000e+00,3.689082431865452483e-01
1.267839380284446316e+00,0.000000000000000000e+00,2.195037763474881649e+04,0.000000000000000000e+00,7.437893974835523827e-04,4.183652813729903386e+00,0.000000000000000000e+00,0.000000000000000000e+00,0.000000000000000000e+00,6.938966800205306207e-01
8.812165388504888952e-01,0.000000000000000000e+00,1.684481531566753983e+04,0.000000000000000000e+00,3.184255255812925732e-04,4.187123040937614782e+00,0.000000000000000000e+00,0.000000000000000000e+00,0.000000000000000000e+00,9.570090878057149197e-01
8.501358955904555481e-01,0.000000000000000000e+00,1.558220134089887142e+04,0.000000000000000000e+00,3.913211190101449763e-04,5.489795038235209645e+00,0.000000000000000000e+00,0.000000000000000000e+00,0.000000000000000000e+00,1.315825911053087216e+00
-5.890317482961547890e-01,0.000000000000000000e+00,-9.147978609308600426e+03,0.000000000000000000e+00,-4.407865129137142996e-04,-4.964527835806995526e+00,0.000000000000000000e+00,0.000000000000000000e+00,0.000000000000000000e+00,-9.554668690580293555e-01
5.850328948841305721e-01,0.000000000000000000e+00,7.144558359250426292e+03,0.000000000000000000e+00,5.403895861518779632e-04,6.235376697455806472e+00,0.000000000000000000e+00,0.000000000000000000e+00,0.000000000000000000e+00,8.142210195992765076e-01
5.165364234689171496e-01,0.000000000000000000e+00,4.829386665776371956e+03,0.000000000000000000e+00,4.802913199087904166e-04,6.796808585178682804e+00,0.000000000000000000e+00,0.000000000000000000e+00,0.000000000000000000e+00,5.605533482679132540e-01
-3.787239327922794496e-01,0.000000000000000000e+00,-2.711898061105981469e+03,0.000000000000000000e+00,-3.191923444157685722e-04,-6.030657096016889263e+00,0.000000000000000000e+00,0.000000000000000000e+00,0.000000000000000000e+00,-3.102922568874276199e-01
4.593039402196262166e+00,0.000000000000000000e+00,1.833160342533886433e+04,0.000000000000000000e+00,2.641536853246268662e-03,6.095000570522238759e-01,0.000000000000000000e+00,0.000000000000000000e+00,0.000000000000000000e+00,3.684655763243004367e-01
2.595244024433242203e+00,0.000000000000000000e+00,6.898844794097356498e+03,0.000000000000000000e+00,1.071958766449693018e-03,3.088683308450709486e+00,0.000000000000000000e+00,0.000000000000000000e+00,0.000000000000000000e+00,1.827270365219791082e-01
1.573932102821939294e+00,0.000000000000000000e+00,2.957251431569457054e+03,0.000000000000000000e+00,4.788987518491546655e-04,5.201407485022111921e+00,0.000000000000000000e+00,0.000000000000000000e+00,0.000000000000000000e+00,9.347123267964441151e-02
-9.783762478223100301e-01,0.000000000000000000e+00,-1.360601167142391205e+03,0.000000000000000000e+00,-2.259128864666332408e-04,-6.333798374696568700e+00,0.000000000000000000e+00,0.000000000000000000e+00,0.000000000000000000e+00,-4.846094790947488157e-02
-6.701016147509648579e-01,0.000000000000000000e+00,-7.158086640760302544e+02,0.000000000000000000e+00,-1.210376666607535786e-04,-7.171895083572694674e+00,0.000000000000000000e+00,0.000000000000000000e+00,0.000000000000000000e+00,-2.779532501367197941e-02
-4.147894020887418765e-01,0.000000000000000000e+00,-3.502759540248662233e+02,0.000000000000000000e+00,-5.985280798014720028e-05,-6.629990329584903641e+00,0.000000000000000000e+00,0.000000000000000000e+00,0.000000000000000000e+00,-1.451100895485740554e-02
-3.998010977753874151e+00,0.000000000000000000e+00,-1.917041898043453693e+04,0.000000000000000000e+00,-2.633472691174844772e-03,-8.683684913859064701e-04,0.000000000000000000e+00,0.000000000000000000e+00,0.000000000000000000e+00,-3.601946437990453109e-01
-3.363360863302458981e+00,0.000000000000000000e+00,-2.108651325912773609e+04,0.000000000000000000e+00,-2.639241673643115751e-03,-4.439165386536940705e-01,0.000000000000000000e+00,0.000000000000000000e+00,0.000000000000000000e+00,-3.348995693410984908e-01
-2.929770829575512714e+00,0.000000000000000000e+00,-2.444641635513305664e+04,0.000000000000000000e+00,-2.640505610266189167e-03,-1.547438685853897322e+00,0.000000000000000000e+00,0.000000000000000000e+00,0.000000000000000000e+00,-3.612600226344981902e-01
2.184987529141324991e+00,0.000000000000000000e+00,2.412778650130331516e+04,0.000000000000000000e+00,2.068007703780805513e-03,2.597970283169070527e+00,0.000000000000000000e+00,0.000000000000000000e+00,0.000000000000000000e+00,4.431027476010531152e-01
1.564338193111123543e+00,0.000000000000000000e+00,2.183614512557722628e+04,0.000000000000000000e+00,1.344761718900960336e-03,3.307048063122644876e+00,0.000000000000000000e+00,0.000000000000000000e+00,0.000000000000000000e+00,6.733944994147004204e-01
1.272539431179694258e+00,0.000000000000000000e+00,2.016417976852366701e+04,0.000000000000000000e+00,9.254965761620031345e-04,4.202550043253072687e+00,0.000000000000000000e+00,0.000000000000000000e+00,0.000000000000000000e+00,1.089733753718730158e+00
-1.001214605806711289e+00,0.000000000000000000e+00,-1.540376770099997520e+04,0.000000000000000000e+00,-7.630693955603263644e-04,-4.756607706233396904e+00,0.000000000000000000e+00,0.000000000000000000e+00,0.000000000000000000e+00,-1.249643273128613341e+00
-8.909962860102863536e-01,0.000000000000000000e+00,-1.152880760148540139e+04,0.000000000000000000e+00,-8.036437234568564233e-04,-5.756124724272464022e+00,0.000000000000000000e+00,0.000000000000000000e+00,0.000000000000000000e+00,-1.163184746010696102e+00
6.498057671155250681e-01,0.000000000000000000e+00,6.503658801108598709e+03,0.000000000000000000e+00,6.114095069683968828e-04,5.482811052576842314e+00,0.000000000000000000e+00,0.000000000000000000e+00,0.000000000000000000e+00,7.144496551880354929e-01
6.427936725193246215e-01,0.000000000000000000e+00,4.833428296755068004e+03,0.000000000000000000e+00,5.542326199438061315e-04,6.861496922474755067e+00,0.000000000000000000e+00,0.000000000000000000e+00,0.000000000000000000e+00,5.385017730639519717e-01
-5.141826324065909004e-01,0.000000000000000000e+00,-2.915927391692996025e+03,0.000000000000000000e+00,-3.795461591700748810e-04,-6.779654818142118344e+00,0.000000000000000000e+00,0.000000000000000000e+00,0.000000000000000000e+00,-3.191065558234942867e-01
4.073893620018190220e-01,0.000000000000000000e+00,1.769971728969365358e+03,0.000000000000000000e+00,2.498722534637470567e-04,6.498727753206719804e+00,0.000000000000000000e+00,0.000000000000000000e+00,0.000000000000000000e+00,1.879805220524534415e-01
4.631777381804746518e+00,0.000000000000000000e+00,1.713525401234254241e+04,0.000000000000000000e+00,2.510917170930237509e-03,6.152967068161142583e-01,0.000000000000000000e+00,0.000000000000000000e+00,0.000000000000000000e+00,3.823746972269053135e-01
-2.856737560737654835e+00,0.000000000000000000e+00,-6.755262522015720606e+03,0.000000000000000000e+00,-1.066130578032324682e-03,-3.403984922435558058e+00,0.000000000000000000e+00,0.000000000000000000e+00,0.000000000000000000e+00,-1.942468753831129713e-01
-1.515482002562949626e+00,0.000000000000000000e+00,-2.455654729151166975e+03,0.000000000000000000e+00,-4.030534261457082985e-04,-5.013851509488909564e+00,0.000000000000000000e+00,0.000000000000000000e+00,0.000000000000000000e+00,-8.326265660672473035e-02
9.250258310158764319e-01,0.000000000000000000e+00,1.084263286814093590e+03,0.000000000000000000e+00,1.821656693733142386e-04,5.996155323436388684e+00,0.000000000000000000e+00,0.000000000000000000e+00,0.000000000000000000e+00,4.108475386729966428e-02
6.326055924242900419e-01,0.000000000000000000e+00,5.596788690686225891e+02,0.000000000000000000e+00,9.532531799901207783e-05,6.780396942009988770e+00,0.000000000000000000e+00,0.000000000000000000e+00,0.000000000000000000e+00,2.294351002171746146e-02
3.614564899686160127e-01,0.000000000000000000e+00,2.493288185372948647e+02,0.000000000000000000e+00,4.287524359914329699e-05,5.786271719216662390e+00,0.000000000000000000e+00,0.000000000000000000e+00,0.000000000000000000e+00,1.084501469310363356e-02
-4.273744291274351070e+00,0.000000000000000000e+00,-1.824801604933291674e+04,0.000000000000000000e+00,-2.586834144594477112e-03,-1.210460790780222779e-03,0.000000000000000000e+00,0.000000000000000000e+00,0.000000000000000000e+00,-4.313526180912465868e-01
-4.096437041611665109e+00,0.000000000000000000e+00,-2.212383504672348499e+04,0.000000000000000000e+00,-2.928297173334193197e-03,-3.269555785081143529e-01,0.000000000000000000e+00,0.000000000000000000e+00,0.000000000000000000e+00,-4.958713477754201349e-01
-3.107385858450186333e+00,0.000000000000000000e+00,-2.136120329688489437e+04,0.000000000000000000e+00,-2.566865363506749646e-03,-9.929411494455129272e-01,0.000000000000000000e+00,0.000000000000000000e+00,0.000000000000000000e+00,-4.973757507368807285e-01
-2.588609758632791191e+00,0.000000000000000000e+00,-2.227982983721420169e+04,0.000000000000000000e+00,-2.357788696093490125e-03,-1.861405797684075880e+00,0.000000000000000000e+00,0.000000000000000000e+00,0.000000000000000000e+00,-6.288447128206714476e-01
-2.093646580640832866e+00,0.000000000000000000e+00,-2.152182370594143867e+04,0.000000000000000000e+00,-1.979422013527391659e-03,-2.676507295410306408e+00,0.000000000000000000e+00,0.000000000000000000e+00,0.000000000000000000e+00,-8.465119029495141723e-01
1.765421988573428580e+00,0.000000000000000000e+00,1.989081069298088551e+04,0.000000000000000000e+00,1.666270154186508907e-03,3.525294442468065448e+00,0.000000000000000000e+00,0.000000000000000000e+00,0.000000000000000000e+00,1.127054564354095234e+00
1.411674070732086950e+00,0.000000000000000000e+00,1.557466396519541740e+04,0.000000000000000000e+00,1.333854384130385038e-03,4.057386720274744007e+00,0.000000000000000000e+00,0.000000000000000000e+00,0.000000000000000000e+00,1.184179075146985616e+00
-1.217483738642229918e+00,0.000000000000000000e+00,-1.182943739770352840e+04,0.000000000000000000e+00,-1.141703226824155801e-03,-4.759421298917401622e+00,0.000000000000000000e+00,0.000000000000000000e+00,0.000000000000000000e+00,-1.082080760118524276e+00
-1.074285389762850373e+00,0.000000000000000000e+00,-8.555567072048783302e+03,0.000000000000000000e+00,-9.500130831518985471e-04,-5.484346008296979491e+00,0.000000000000000000e+00,0.000000000000000000e+00,0.000000000000000000e+00,-8.580503623495395749e-01
-8.915380598441908777e-01,0.000000000000000000e+00,-5.621158078514039516e+03,0.000000000000000000e+00,-7.015575446942754747e-04,-5.759425396836769906e+00,0.000000000000000000e+00,0.000000000000000000e+00,0.000000000000000000e+00,-5.822528982609100900e-01
7.247927700834001508e-01,0.000000000000000000e+00,3.587987861994653940e+03,0.000000000000000000e+00,4.885295385230831395e-04,5.781267284105273241e+00,0.000000000000000000e+00,0.000000000000000000e+00,0.000000000000000000e+00,3.715318075221640259e-01
-6.549697408951903332e-01,0.000000000000000000e+00,-2.559806404350325465e+03,0.000000000000000000e+00,-3.708248321641422407e-04,-6.320088023997002757e+00,0.000000000000000000e+00,0.000000000000000000e+00,0.000000000000000000e+00,-2.608118497466404562e-01
4.573168928177554271e+00,0.000000000000000000e+00,1.545413400967419147e+04,0.000000000000000000e+00,2.306056908072283938e-03,3.679965122644138220e-01,0.000000000000000000e+00,0.000000000000000000e+00,0.000000000000000000e+00,3.994625845215985516e-01
3.500500143152642352e+00,0.000000000000000000e+00,7.804660708429291844e+03,0.000000000000000000e+00,1.240672059645415949e-03,2.524187821231664852e+00,0.000000000000000000e+00,0.000000000000000000e+00,0.000000000000000000e+00,2.398338723253739813e-01
2.319471203165142548e+00,0.000000000000000000e+00,3.608871530428528786e+03,0.000000000000000000e+00,5.941485577691191580e-04,4.642089037134722318e+00,0.000000000000000000e+00,0.000000000000000000e+00,0.000000000000000000e+00,1.265967160897627508e-01
-1.483694356995659547e+00,0.000000000000000000e+00,-1.688378898531198502e+03,0.000000000000000000e+00,-2.841357921485468743e-04,-5.817778202679147803e+00,0.000000000000000000e+00,0.000000000000000000e+00,0.000000000000000000e+00,-6.524227552552649967e-02
-8.807967857630508712e-01,0.000000000000000000e+00,-7.616045039631426334e+02,0.000000000000000000e+00,-1.297927511307818340e-04,-5.708232159938402717e+00,0.000000000000000000e+00,0.000000000000000000e+00,0.000000000000000000e+00,-3.162581263071848753e-02
-6.245919990622553764e-01,0.000000000000000000e+00,-4.232930428311228752e+02,0.000000000000000000e+00,-7.273580184680820417e-05,-6.047843118200231238e+00,0.000000000000000000e+00,0.000000000000000000e+00,0.000000000000000000e+00,-1.854745802650816650e-02
0.000000000000000000e+00,-1.139317517049991818e-02,0.000000000000000000e+00,-5.798729562599213390e-04,0.000000000000000000e+00,0.000000000000000000e+00,-1.329507393838805340e+00,-5.191656050522816201e+00,-1.902315590793639421e+04,0.000000000000000000e+00
0.000000000000000000e+00,-7.357270473055591564e-01,0.000000000000000000e+00,-4.441540041001577031e-04,0.000000000000000000e+00,0.000000000000000000e+00,-1.519367052231635373e+00,-5.626949592287052937e+00,-2.195557574855163693e+04,0.000000000000000000e+00
0.000000000000000000e+00,2.146497847982289375e+00,0.000000000000000000e+00,1.226835364931859809e-04,0.000000000000000000e+00,0.000000000000000000e+00,1.173398720403896700e+00,4.065879783170313289e+00,1.703713990368694067e+04,0.000000000000000000e+00
0.000000000000000000e+00,-3.736747166908185758e+00,0.000000000000000000e+00,1.000616109402365411e-04,0.000000000000000000e+00,0.000000000000000000e+00,-9.738502767689833917e-01,-3.135805176919876924e+00,-1.409131807426176965e+04,0.000000000000000000e+00
0.000000000000000000e+00,-5.091690231364677466e+00,0.000000000000000000e+00,2.599611947399814243e-04,0.000000000000000000e+00,0.000000000000000000e+00,-8.081565897913045582e-01,-2.399776144981126347e+00,-1.155339641772210598e+04,0.000000000000000000e+00
0.000000000000000000e+00,-5.922301790675153832e+00,0.000000000000000000e+00,3.574170830351052234e-04,0.000000000000000000e+00,0.000000000000000000e+00,-6.572361594590677702e-01,-1.784646072668222061e+00,-9.197145430274307728e+03,0.000000000000000000e+00
0.000000000000000000e+00,-6.299527186876352935e+00,0.000000000000000000e+00,4.064152632819580612e-04,0.000000000000000000e+00,0.000000000000000000e+00,-5.352657892715264598e-01,-1.317316128368645867e+00,-7.256594774987548590e+03,0.000000000000000000e+00
0.000000000000000000e+00,-6.855625915373155799e+00,0.000000000000000000e+00,4.562102820730201853e-04,0.000000000000000000e+00,0.000000000000000000e+00,-4.761555808684082014e-01,-1.052847000283021028e+00,-6.186007287082262337e+03,0.000000000000000000e+00
0.000000000000000000e+00,-7.657012353962497464e+00,0.000000000000000000e+00,5.164648851589062487e-04,0.000000000000000000e+00,0.000000000000000000e+00,-4.568053147957449323e-01,-8.999272414590409053e-01,-5.624752687959000468e+03,0.000000000000000000e+00
0.000000000000000000e+00,7.114152935918140130e+00,0.000000000000000000e+00,-4.806756367089226882e-04,0.000000000000000000e+00,0.000000000000000000e+00,3.788763869959436148e-01,6.604705527939249698e-01,4.375073824778199196e+03,0.000000000000000000e+00
0.000000000000000000e+00,-7.680487683754005701e+00,0.000000000000000000e+00,5.143198374911606835e-04,0.000000000000000000e+00,0.000000000000000000e+00,-3.761808300878722866e-01,-5.774404442484589728e-01,-4.035469558896496892e+03,0.000000000000000000e+00
0.000000000000000000e+00,-7.817646291874500442e+00,0.000000000000000000e+00,5.128560042780975266e-04,0.000000000000000000e+00,0.000000000000000000e+00,-3.600487981443899477e-01,-4.856044836181128699e-01,-3.560786747075617313e+03,0.000000000000000000e+00
0.000000000000000000e+00,7.403900185092862074e-01,0.000000000000000000e+00,7.930114403042003678e-04,0.000000000000000000e+00,0.000000000000000000e+00,1.307880277238537614e+00,5.452535898222582667e+00,1.839538372520450503e+04,0.000000000000000000e+00
0.000000000000000000e+00,4.136536477192579220e+00,0.000000000000000000e+00,6.421735248691748214e-04,0.000000000000000000e+00,0.000000000000000000e+00,7.399348932288487557e-01,3.427205128921581245e+00,1.007030235414206982e+04,0.000000000000000000e+00
0.000000000000000000e+00,6.213132662823670493e+00,0.000000000000000000e+00,3.910671736899768857e-04,0.000000000000000000e+00,0.000000000000000000e+00,3.650064057053272748e-01,1.858435921634895793e+00,4.788240260690450668e+03,0.000000000000000000e+00
0.000000000000000000e+00,-7.501242322718336908e+00,0.000000000000000000e+00,-2.519952361201490158e-04,0.000000000000000000e+00,0.000000000000000000e+00,-2.061017759642293778e-01,-1.145964331350349141e+00,-2.601778966119512916e+03,0.000000000000000000e+00
0.000000000000000000e+00,7.482080531474602836e+00,0.000000000000000000e+00,1.522314258426795460e-04,0.000000000000000000e+00,0.000000000000000000e+00,1.144694049430508426e-01,6.917638687013519805e-01,1.390423144470900297e+03,0.000000000000000000e+00
0.000000000000000000e+00,7.010837192543185381e+00,0.000000000000000000e+00,9.333981803062465197e-05,0.000000000000000000e+00,0.000000000000000000e+00,6.627593970801572143e-02,4.337968963425674063e-01,7.760598339810967445e+02,0.000000000000000000e+00
0.000000000000000000e+00,-2.762321650434947963e-03,0.000000000000000000e+00,-6.395706192390078395e-04,0.000000000000000000e+00,0.000000000000000000e+00,-1.227962942443419303e+00,-4.745783282854644014e+00,-1.657738726861029863e+04,0.000000000000000000e+00
0.000000000000000000e+00,-6.372641582308695707e-01,0.000000000000000000e+00,-3.296325015906312306e-04,0.000000000000000000e+00,0.000000000000000000e+00,-1.431098865780189078e+00,-4.896888286718666272e+00,-1.936546426371764392e+04,0.000000000000000000e+00
0.000000000000000000e+00,2.210470660704900059e+00,0.000000000000000000e+00,-1.743089428881627282e-04,0.000000000000000000e+00,0.000000000000000000e+00,1.438441092861925563e+00,4.226128432095593190e+00,1.905685477372258902e+04,0.000000000000000000e+00
0.000000000000000000e+00,3.546042041977697235e+00,0.000000000000000000e+00,-5.857703995851317987e-04,0.000000000000000000e+00,0.000000000000000000e+00,1.224994381449280079e+00,3.008248739303749808e+00,1.538921677628718317e+04,0.000000000000000000e+00
0.000000000000000000e+00,5.214503891636496746e+00,0.000000000000000000e+00,-9.801062689752000883e-04,0.000000000000000000e+00,0.000000000000000000e+00,1.244377796051305385e+00,2.486057211537630707e+00,1.429907384604401886e+04,0.000000000000000000e+00
0.000000000000000000e+00,-5.488804842038893739e+00,0.000000000000000000e+00,1.050379247024049592e-03,0.000000000000000000e+00,0.000000000000000000e+00,-1.050153135333717902e+00,-1.673915273297165607e+00,-1.066938639111630619e+04,0.000000000000000000e+00
0.000000000000000000e+00,-6.829679307621512763e+00,0.000000000000000000e+00,1.247045637344420090e-03,0.000000000000000000e+00,0.000000000000000000e+00,-1.141437786304128954e+00,-1.445921417588388991e+00,-1.000299434331804514e+04,0.000000000000000000e+00
0.000000000000000000e+00,-6.916414044077497714e+00,0.000000000000000000e+00,1.128028588243061786e-03,0.000000000000000000e+00,0.000000000000000000e+00,-1.050433567246418676e+00,-1.075594015771609069e+00,-7.859932973194867373e+03,0.000000000000000000e+00
0.000000000000000000e+00,6.609480128584692693e+00,0.000000000000000000e+00,-8.927137323203582740e-04,0.000000000000000000e+00,0.000000000000000000e+00,9.156277192938074849e-01,7.869483100387840713e-01,5.881989928498864174e+03,0.000000000000000000e+00
0.000000000000000000e+00,7.670811816943791328e+00,0.000000000000000000e+00,-7.881316641418175707e-04,0.000000000000000000e+00,0.000000000000000000e+00,9.493747867649058314e-01,7.216767063523672476e-01,5.330854347851127386e+03,0.000000000000000000e+00
0.000000000000000000e+00,-7.247469625690859729e+00,0.000000000000000000e+00,5.167847478159551602e-04,0.000000000000000000e+00,0.000000000000000000e+00,-7.750268598836790312e-01,-5.524042490153840967e-01,-3.900442825689911842e+03,0.000000000000000000e+00
0.000000000000000000e+00,8.155170818263760779e+00,0.000000000000000000e+00,-3.656166548263851501e-04,0.000000000000000000e+00,0.000000000000000000e+00,7.271503940830735813e-01,5.138335344755734502e-01,3.368884794965386391e+03,0.000000000000000000e+00
0.000000000000000000e+00,6.601580045832458055e-01,0.000000000000000000e+00,9.082645920927631547e-04,0.000000000000000000e+00,0.000000000000000000e+00,1.138730501633128389e+00,4.972467740635357458e+00,1.507529250654205680e+04,0.000000000000000000e+00
0.000000000000000000e+00,-3.694811252552133940e+00,0.000000000000000000e+00,-6.809064367786193516e-04,0.000000000000000000e+00,0.000000000000000000e+00,-5.865528664434166428e-01,-3.113482153171429179e+00,-7.322186308983713388e+03,0.000000000000000000e+00
0.000000000000000000e+00,-6.291604730440059079e+00,0.000000000000000000e+00,-4.154712105060158239e-04,0.000000000000000000e+00,0.000000000000000000e+00,-3.037922075252997289e-01,-1.910695773617958615e+00,-3.547313467621803284e+03,0.000000000000000000e+00
0.000000000000000000e+00,7.611231795167141989e+00,0.000000000000000000e+00,2.375744780890996126e-04,0.000000000000000000e+00,0.000000000000000000e+00,1.604311040599569471e-01,1.180204313243972791e+00,1.759339519727043808e+03,0.000000000000000000e+00
0.000000000000000000e+00,7.757267339880459467e+00,0.000000000000000000e+00,1.314622738446453607e-04,0.000000000000000000e+00,0.000000000000000000e+00,8.540706343100466780e-02,7.278679897629849460e-01,8.860149256661534309e+02,0.000000000000000000e+00
0.000000000000000000e+00,-8.217796997471014109e+00,0.000000000000000000e+00,-8.257634658720305974e-05,0.000000000000000000e+00,0.000000000000000000e+00,-5.266863475091393409e-02,-5.161236158823271358e-01,-5.209587426036596298e+02,0.000000000000000000e+00
0.000000000000000000e+00,-1.797998202822966626e-03,0.000000000000000000e+00,-9.329569681573711979e-04,0.000000000000000000e+00,0.000000000000000000e+00,-1.478301875856909753e+00,-5.683631373268384301e+00,-1.842787740843184292e+04,0.000000000000000000e+00
0.000000000000000000e+00,-6.862886947287887285e-01,0.000000000000000000e+00,-4.289435581922988500e-04,0.000000000000000000e+00,0.000000000000000000e+00,-1.652570084992181387e+00,-5.231662063938030904e+00,-2.020568979064375162e+04,0.000000000000000000e+00
0.000000000000000000e+00,2.029649614389658741e+00,0.000000000000000000e+00,-2.436624143212884450e-04,0.000000000000000000e+00,0.000000000000000000e+00,1.557405446983217034e+00,3.857069425380597938e+00,1.772922582871839404e+04,0.000000000000000000e+00
0.000000000000000000e+00,3.411266763139433333e+00,0.000000000000000000e+00,-7.701492009847145772e-04,0.000000000000000000e+00,0.000000000000000000e+00,1.545910894829900295e+00,2.877831866674062322e+00,1.540874947923421860e+04,0.000000000000000000e+00
0.000000000000000000e+00,-5.072245327638261969e+00,0.000000000000000000e+00,1.173612303678898960e-03,0.000000000000000000e+00,0.000000000000000000e+00,-1.739289668185677096e+00,-2.405784862541615166e+00,-1.444506413654983044e+04,0.000000000000000000e+00
0.000000000000000000e+00,5.698447632968146159e+00,0.000000000000000000e+00,-1.095234729642130403e-03,0.000000000000000000e+00,0.000000000000000000e+00,1.620893105605195617e+00,1.729398644356832770e+00,1.102872722535254434e+04,0.000000000000000000e+00
0.000000000000000000e+00,6.374771931331546071e+00,0.000000000000000000e+00,-8.361637024516742041e-04,0.000000000000000000e+00,0.000000000000000000e+00,1.500042846160169807e+00,1.343560554111174810e+00,8.526128303147852421e+03,0.000000000000000000e+00
0.000000000000000000e+00,6.980613450228138284e+00,0.000000000000000000e+00,-4.992300434666578201e-04,0.000000000000000000e+00,0.000000000000000000e+00,1.292425640583020785e+00,1.081115829750316504e+00,6.402215249061584473e+03,0.000000000000000000e+00
0.000000000000000000e+00,-7.183449644662164957e+00,0.000000000000000000e+00,2.041704847491415621e-04,0.000000000000000000e+00,0.000000000000000000e+00,-9.876489630664150310e-01,-8.519619843251442504e-01,-4.468492120683193207e+03,0.000000000000000000e+00
0.000000000000000000e+00,7.932457912297806502e+00,0.000000000000000000e+00,-3.083442729836843779e-05,0.000000000000000000e+00,0.000000000000000000e+00,7.758389175267847993e-01,7.434312472151426432e-01,3.334510261010378599e+03,0.000000000000000000e+00
0.000000000000000000e+00,-7.808386591263198007e+00,0.000000000000000000e+00,-5.674951208704797902e-05,0.000000000000000000e+00,0.000000000000000000e+00,-5.312532491480052022e-01,-5.926187212358007272e-01,-2.230770295798778534e+03,0.000000000000000000e+00
0.000000000000000000e+00,-7.971517800489668737e+00,0.000000000000000000e+00,-8.728796501510808559e-05,0.000000000000000000e+00,0.000000000000000000e+00,-3.753175644115382403e-01,-5.000983982933303595e-01,-1.567810835745185614e+03,0.000000000000000000e+00
0.000000000000000000e+00,6.743249373024411408e-01,0.000000000000000000e+00,1.053320299038424616e-03,0.000000000000000000e+00,0.000000000000000000e+00,1.103431326864093176e+00,5.069652199577824980e+00,1.355845769014954567e+04,0.000000000000000000e+00
0.000000000000000000e+00,4.059965047591733267e+00,0.000000000000000000e+00,7.440464925993568648e-04,0.000000000000000000e+00,0.000000000000000000e+00,5.608413043683035948e-01,3.408615817685952454e+00,6.418816787280142307e+03,0.000000000000000000e+00
0.000000000000000000e+00,5.993048157073644688e+00,0.000000000000000000e+00,3.499981277546599517e-04,0.000000000000000000e+00,0.000000000000000000e+00,2.350126766278780033e-01,1.812995504654133727e+00,2.483802188389003277e+03,0.000000000000000000e+00
0.000000000000000000e+00,7.317754950413524639e+00,0.000000000000000000e+00,1.832814596640371758e-04,0.000000000000000000e+00,0.000000000000000000e+00,1.180387822409143250e-01,1.129981407176694042e+00,1.163718174070119858e+03,0.000000000000000000e+00
0.000000000000000000e+00,-8.089313273704719975e+00,0.000000000000000000e+00,-1.015775047564331770e-04,0.000000000000000000e+00,0.000000000000000000e+00,-6.468309384756140701e-02,-7.558228995450751997e-01,-6.025714885666966438e+02,0.000000000000000000e+00
0.000000000000000000e+00,9.057922883571707828e+00,0.000000000000000000e+00,6.328028769151472575e-05,0.000000000000000000e+00,0.000000000000000000e+00,4.031980398213438899e-02,5.665540910079618353e-01,3.586134171746671200e+02,0.000000000000000000e+00
0.000000000000000000e+00,-1.243568795200204963e-03,0.000000000000000000e+00,-1.016318244321984515e-03,0.000000000000000000e+00,0.000000000000000000e+00,-1.370537261987532007e+00,-5.317542615950900498e+00,-1.566746680340170860e+04,0.000000000000000000e+00
0.000000000000000000e+00,6.304246979503318471e-01,0.000000000000000000e+00,5.556515252868616389e-04,0.000000000000000000e+00,0.000000000000000000e+00,1.598730453174661559e+00,4.784967525878507821e+00,1.740315417563077062e+04,0.000000000000000000e+00
0.000000000000000000e+00,2.259083063248162659e+00,0.000000000000000000e+00,-9.420792091331540085e-05,0.000000000000000000e+00,0.000000000000000000e+00,1.966624488101972323e+00,4.280237734697307062e+00,1.887279894091188908e+04,0.000000000000000000e+00
0.000000000000000000e+00,3.296881228593974811e+00,0.000000000000000000e+00,-5.118695795445667163e-04,0.000000000000000000e+00,0.000000000000000000e+00,1.779938187490281543e+00,2.774154960932014635e+00,1.404961627675592899e+04,0.000000000000000000e+00
0.000000000000000000e+00,-4.699664818711603687e+00,0.000000000000000000e+00,5.992353828720349031e-04,0.000000000000000000e+00,0.000000000000000000e+00,-1.872348299579353670e+00,-2.223921456097540883e+00,-1.190136828752956353e+04,0.000000000000000000e+00
0.000000000000000000e+00,5.570407531363675169e+00,0.000000000000000000e+00,-3.447711030716232405e-04,0.000000000000000000e+00,0.000000000000000000e+00,1.632045083688062004e+00,1.687212363965359341e+00,8.651976632103323936e+03,0.000000000000000000e+00
0.000000000000000000e+00,6.295693966001854491e+00,0.000000000000000000e+00,-6.099799772816110870e-05,0.000000000000000000e+00,0.000000000000000000e+00,1.269142675090854766e+00,1.324311166332965417e+00,5.969219492243137211e+03,0.000000000000000000e+00
0.000000000000000000e+00,7.200176350272123216e+00,0.000000000000000000e+00,1.108241240207273441e-04,0.000000000000000000e+00,0.000000000000000000e+00,9.422894236209464758e-01,1.112846620534822417e+00,4.161561472081579268e+03,0.000000000000000000e+00
0.000000000000000000e+00,6.950430738161714750e+00,0.000000000000000000e+00,1.524628743999791448e-04,0.000000000000000000e+00,0.000000000000000000e+00,5.750947008417275352e-01,8.224207943411102617e-01,2.479782666494429577e+03,0.000000000000000000e+00
0.000000000000000000e+00,7.880517504219378466e+00,0.000000000000000000e+00,1.608312841897018605e-04,0.000000000000000000e+00,0.000000000000000000e+00,4.126080701860926347e-01,7.367027726768190510e-01,1.777004787508398294e+03,0.000000000000000000e+00
0.000000000000000000e+00,-8.150325315498704981e+00,0.000000000000000000e+00,-1.354894506744385265e-04,0.000000000000000000e+00,0.000000000000000000e+00,-2.746609133837173977e-01,-6.170744054309059701e-01,-1.195539052017033100e+03,0.000000000000000000e+00
0.000000000000000000e+00,-8.164301100146461820e+00,0.000000000000000000e+00,-1.052467770925751179e-04,0.000000000000000000e+00,0.000000000000000000e+00,-1.814558380698046702e-01,-5.109377747994023888e-01,-8.025459517538547516e+02,0.000000000000000000e+00
0.000000000000000000e+00,7.811028391977498098e-01,0.000000000000000000e+00,1.288467364305367078e-03,0.000000000000000000e+00,0.000000000000000000e+00,1.201361873361778132e+00,5.861060662541508037e+00,1.369069352149963379e+04,0.000000000000000000e+00
0.000000000000000000e+00,-3.980816972932944342e+00,0.000000000000000000e+00,-6.781672951050291996e-04,0.000000000000000000e+00,0.000000000000000000e+00,-4.789771088000825405e-01,-3.336276893180214476e+00,-5.082457787260413170e+03,0.000000000000000000e+00
0.000000000000000000e+00,6.014769699724057617e+00,0.000000000000000000e+00,2.970785881606651272e-04,0.000000000000000000e+00,0.000000000000000000e+00,1.935924189977813181e-01,1.816313891754713250e+00,1.892297626066952944e+03,0.000000000000000000e+00
0.000000000000000000e+00,-7.166345613291913885e+00,0.000000000000000000e+00,-1.412800303209856066e-04,0.000000000000000000e+00,0.000000000000000000e+00,-9.036706046489156874e-02,-1.104495325014264173e+00,-8.251934731267392635e+02,0.000000000000000000e+00
0.000000000000000000e+00,7.213128015895905243e+00,0.000000000000000000e+00,6.764323652307246558e-05,0.000000000000000000e+00,0.000000000000000000e+00,4.333857178354060674e-02,6.724261483680847862e-01,3.752502222806215286e+02,0.000000000000000000e+00
0.000000000000000000e+00,8.331767748358140935e+00,0.000000000000000000e+00,4.175937466127865671e-05,0.000000000000000000e+00,0.000000000000000000e+00,2.699510889270891403e-02,5.199320898439443450e-01,2.240207378044724464e+02,0.000000000000000000e+00
0.000000000000000000e+00,-1.671009761743865460e-03,0.000000000000000000e+00,-1.260904388758943197e-03,0.000000000000000000e+00,0.000000000000000000e+00,-1.502639021788532370e+00,-5.994104529581850471e+00,-1.580554849340021610e+04,0.000000000000000000e+00
0.000000000000000000e+00,4.786359278378714555e-01,0.000000000000000000e+00,9.717775033889368202e-04,0.000000000000000000e+00,0.000000000000000000e+00,1.809186856936298105e+00,5.669047235768235993e+00,1.800745987173542380e+04,0.000000000000000000e+00
0.000000000000000000e+00,1.563850512586051122e+00,0.000000000000000000e+00,4.600795846452797365e-04,0.000000000000000000e+00,0.000000000000000000e+00,1.953024611138755473e+00,4.628586270718012763e+00,1.735758784877508879e+04,0.000000000000000000e+00
0.000000000000000000e+00,-2.838196922514160114e+00,0.000000000000000000e+00,-6.611782784162496677e-05,0.000000000000000000e+00,0.000000000000000000e+00,-2.080021087037454031e+00,-3.731760318501593066e+00,-1.572702927865833044e+04,0.000000000000000000e+00
0.000000000000000000e+00,4.178285322867076879e+00,0.000000000000000000e+00,-7.262212986194233630e-05,0.000000000000000000e+00,0.000000000000000000e+00,2.150596908406013696e+00,3.089755928085904824e+00,1.363071689939498901e+04,0.000000000000000000e+00
0.000000000000000000e+00,4.929454242079859050e+00,0.000000000000000000e+00,1.871209030696849678e-05,0.000000000000000000e+00,0.000000000000000000e+00,1.825798177047838644e+00,2.332947810546187384e+00,9.935765610728296451e+03,0.000000000000000000e+00
0.000000000000000000e+00,6.030343270408011769e+00,0.000000000000000000e+00,1.723649652962055631e-04,0.000000000000000000e+00,0.000000000000000000e+00,1.549870416891646618e+00,1.982230895442863794e+00,7.575644671307876706e+03,0.000000000000000000e+00
0.000000000000000000e+00,-6.774002352669505456e+00,0.000000000000000000e+00,-2.659308868420502594e-04,0.000000000000000000e+00,0.000000000000000000e+00,-1.159777397725830106e+00,-1.635734193404325909e+00,-5.325011268839240074e+03,0.000000000000000000e+00
0.000000000000000000e+00,-6.562678401445135812e+00,0.000000000000000000e+00,-2.517295407600261283e-04,0.000000000000000000e+00,0.000000000000000000e+00,-7.323070716125243962e-01,-1.213233990693221909e+00,-3.266578999668359756e+03,0.000000000000000000e+00
0.000000000000000000e+00,-7.051558530676261149e+00,0.000000000000000000e+00,-2.282156933073204992e-04,0.000000000000000000e+00,0.000000000000000000e+00,-5.119716025668563653e-01,-1.029927324289836355e+00,-2.266963569632731378e+03,0.000000000000000000e+00
0.000000000000000000e+00,7.962002711412329070e+00,0.000000000000000000e+00,2.034098467972272992e-04,0.000000000000000000e+00,0.000000000000000000e+00,3.807226715298600017e-01,9.418154803484617421e-01,1.694288214616477489e+03,0.000000000000000000e+00
0.000000000000000000e+00,-7.905567641824776892e+00,0.000000000000000000e+00,-1.549231479813750452e-04,0.000000000000000000e+00,0.000000000000000000e+00,-2.539444517127188994e-01,-7.729273326753141049e-01,-1.142827315811999142e+03,0.000000000000000000e+00
0.000000000000000000e+00,5.505687845950245629e-01,0.000000000000000000e+00,1.430002259069626958e-03,0.000000000000000000e+00,0.000000000000000000e+00,1.293662102406865300e+00,6.447618280812043245e+00,1.378189235189184546e+04,0.000000000000000000e+00
0.000000000000000000e+00,-3.358896670201259926e+00,0.000000000000000000e+00,-8.696514931740699809e-04,0.000000000000000000e+00,0.000000000000000000e+00,-6.191046390411987232e-01,-4.397385329858479075e+00,-6.317321640778332949e+03,0.000000000000000000e+00
0.000000000000000000e+00,-5.511878929510548808e+00,0.000000000000000000e+00,-4.131717124095942535e-04,0.000000000000000000e+00,0.000000000000000000e+00,-2.720615258487854016e-01,-2.600382963128145875e+00,-2.601757345022633672e+03,0.000000000000000000e+00
0.000000000000000000e+00,6.671571706602300367e+00,0.000000000000000000e+00,2.008077854047702769e-04,0.000000000000000000e+00,0.000000000000000000e+00,1.293203555300258267e-01,1.606188673188651883e+00,1.165637720460072160e+03,0.000000000000000000e+00
0.000000000000000000e+00,7.717615512463066985e+00,0.000000000000000000e+00,1.113452659349821775e-04,0.000000000000000000e+00,0.000000000000000000e+00,7.147219094585860466e-02,1.124192252663111624e+00,6.136417596465907991e+02,0.000000000000000000e+00
0.000000000000000000e+00,8.047070237606583021e+00,0.000000000000000000e+00,6.236929727312794677e-05,0.000000000000000000e+00,0.000000000000000000e+00,4.032957651394330351e-02,7.849708911472054185e-01,3.323410484148189425e+02,0.000000000000000000e+00
0.000000000000000000e+00,-1.045934320781293989e-03,0.000000000000000000e+00,-1.190890228797728814e-03,0.000000000000000000e+00,0.000000000000000000e+00,-1.294459548361558854e+00,-5.407789310449210518e+00,-1.263777943034470081e+04,0.000000000000000000e+00
0.000000000000000000e+00,-3.214175458876796232e-01,0.000000000000000000e+00,-1.122466921253485088e-03,0.000000000000000000e+00,0.000000000000000000e+00,-1.635943626662163419e+00,-5.485819930817872780e+00,-1.509052855889126658e+04,0.000000000000000000e+00
0.000000000000000000e+00,1.154169749075703688e+00,0.000000000000000000e+00,8.463717544707489559e-04,0.000000000000000000e+00,0.000000000000000000e+00,1.869942860353839942e+00,4.921504801825395070e+00,1.560660945415124297e+04,0.000000000000000000e+00
0.000000000000000000e+00,2.279689099748646974e+00,0.000000000000000000e+00,5.824979498875850013e-04,0.000000000000000000e+00,0.000000000000000000e+00,2.067414035081271972e+00,4.316214810931159995e+00,1.509499737170711160e+04,0.000000000000000000e+00
0.000000000000000000e+00,-3.245846231422426342e+00,0.000000000000000000e+00,-4.027452908814865211e-04,0.000000000000000000e+00,0.000000000000000000e+00,-1.985435801108148102e+00,-3.456814753731180190e+00,-1.255452533109392971e+04,0.000000000000000000e+00
0.000000000000000000e+00,-4.696360601925592348e+00,0.000000000000000000e+00,-4.178121892197458193e-04,0.000000000000000000e+00,0.000000000000000000e+00,-2.028627658806580136e+00,-3.200548878666516828e+00,-1.129159377470612526e+04,0.000000000000000000e+00
0.000000000000000000e+00,4.927190719935023111e+00,0.000000000000000000e+00,3.877428862946330642e-04,0.000000000000000000e+00,0.000000000000000000e+00,1.484851261987817361e+00,2.332090325774170303e+00,7.515707780200988054e+03,0.000000000000000000e+00
0.000000000000000000e+00,-5.837106718647200765e+00,0.000000000000000000e+00,-4.068519137446311319e-04,0.000000000000000000e+00,0.000000000000000000e+00,-1.197175988906405308e+00,-2.029534884957501450e+00,-5.704321671020239592e+03,0.000000000000000000e+00
0.000000000000000000e+00,-5.954979502337971020e+00,0.000000000000000000e+00,-3.472368603789114066e-04,0.000000000000000000e+00,0.000000000000000000e+00,-8.178939410432126689e-01,-1.585177132194628191e+00,-3.774135581322014332e+03,0.000000000000000000e+00
0.000000000000000000e+00,-6.662840360882192670e+00,0.000000000000000000e+00,-3.089185245140998364e-04,0.000000000000000000e+00,0.000000000000000000e+00,-6.114299674758724157e-01,-1.401163966860592192e+00,-2.786245441585779190e+03,0.000000000000000000e+00
0.000000000000000000e+00,7.324894552297091188e+00,0.000000000000000000e+00,2.622061441589919437e-04,0.000000000000000000e+00,0.000000000000000000e+00,4.529755467738516006e-01,1.247661708054187191e+00,2.064016635093837976e+03,0.000000000000000000e+00
0.000000000000000000e+00,7.272810154705901198e+00,0.000000000000000000e+00,1.980444139355506884e-04,0.000000000000000000e+00,0.000000000000000000e+00,3.079101491626983766e-01,1.023599167969965418e+00,1.412601484902203083e+03,0.000000000000000000e+00
0.000000000000000000e+00,3.395831488089243178e-01,0.000000000000000000e+00,1.257287812515613980e-03,0.000000000000000000e+00,0.000000000000000000e+00,1.108621853067470520e+00,5.720869914669497902e+00,1.107713315786421299e+04,0.000000000000000000e+00
0.000000000000000000e+00,2.473601898258533716e+00,0.000000000000000000e+00,8.904819751990324626e-04,0.000000000000000000e+00,0.000000000000000000e+00,6.390486857689154920e-01,4.664769741037980033e+00,6.264397431630641222e+03,0.000000000000000000e+00
0.000000000000000000e+00,-4.982672355919426366e+00,0.000000000000000000e+00,-5.201399150402105697e-04,0.000000000000000000e+00,0.000000000000000000e+00,-3.460305252482125948e-01,-3.384563789982121484e+00,-3.229518563508987427e+03,0.000000000000000000e+00
0.000000000000000000e+00,-6.409118217097565129e+00,0.000000000000000000e+00,-2.700223985147139831e-04,0.000000000000000000e+00,0.000000000000000000e+00,-1.753834250541575213e-01,-2.222043164387951464e+00,-1.557588838682509959e+03,0.000000000000000000e+00
0.000000000000000000e+00,-7.470452641295599605e+00,0.000000000000000000e+00,-1.515415437941646101e-04,0.000000000000000000e+00,0.000000000000000000e+00,-9.799636496493613347e-02,-1.567122085826808897e+00,-8.332123648393899202e+02,0.000000000000000000e+00
0.000000000000000000e+00,-7.156151681273106746e+00,0.000000000000000000e+00,-7.845449378556281753e-05,0.000000000000000000e+00,0.000000000000000000e+00,-5.091689284185889341e-02,-1.005077852085654477e+00,-4.170159100331366062e+02,0.000000000000000000e+00
