0.000000000000000000e+00,-2.231588004535771386e-01,-1.071347839271186890e-03,0.000000000000000000e+00,0.000000000000000000e+00,-3.663545986295505763e+00,0.000000000000000000e+00,-2.076004606882110238e+04,0.000000000000000000e+00,-2.700731949518841209e-03
0.000000000000000000e+00,1.859582974018326729e-01,4.717761026765996957e-01,0.000000000000000000e+00,0.000000000000000000e+00,3.590092671494735654e+00,0.000000000000000000e+00,2.319630592830292881e+04,0.000000000000000000e+00,2.868358989066822472e-03
0.000000000000000000e+00,-1.058543535036079314e-01,-1.487251979378944933e+00,0.000000000000000000e+00,0.000000000000000000e+00,-2.822038282647652441e+00,0.000000000000000000e+00,-2.106175944731198251e+04,0.000000000000000000e+00,-2.432715293635008026e-03
0.000000000000000000e+00,3.969388887968385016e-02,2.748447407344056348e+00,0.000000000000000000e+00,0.000000000000000000e+00,2.315729895615616929e+00,0.000000000000000000e+00,2.011326796443015337e+04,0.000000000000000000e+00,2.121328533782606239e-03
0.000000000000000000e+00,1.917172370154297811e-02,-3.969211982450359333e+00,0.000000000000000000e+00,0.000000000000000000e+00,-1.880364580086225867e+00,0.000000000000000000e+00,-1.915458850398287177e+04,0.000000000000000000e+00,-1.782709776263712758e-03
0.000000000000000000e+00,6.197397485665880057e-02,-4.644842436254944751e+00,0.000000000000000000e+00,0.000000000000000000e+00,-1.407901800238553935e+00,0.000000000000000000e+00,-1.694247825438715518e+04,0.000000000000000000e+00,-1.317947213999546684e-03
0.000000000000000000e+00,-8.541905070638027009e-02,5.090487836450097170e+00,0.000000000000000000e+00,0.000000000000000000e+00,1.071239873457821457e+00,0.000000000000000000e+00,1.532249233572185040e+04,0.000000000000000000e+00,9.042594702077491782e-04
0.000000000000000000e+00,-8.966747326321737599e-02,5.605530587650185304e+00,0.000000000000000000e+00,0.000000000000000000e+00,8.664452797940292994e-01,0.000000000000000000e+00,1.478070284701138735e+04,0.000000000000000000e+00,5.354638052173058297e-04
0.000000000000000000e+00,5.258045355798518505e-02,-5.338842434211009902e+00,0.000000000000000000e+00,0.000000000000000000e+00,-6.315138359642065158e-01,0.000000000000000000e+00,-1.283119077490270138e+04,0.000000000000000000e+00,-1.195923161762704029e-04
0.000000000000000000e+00,2.279955488235641328e-02,5.953724897431703411e+00,0.000000000000000000e+00,0.000000000000000000e+00,5.561502078474037658e-01,0.000000000000000000e+00,1.333148150703194551e+04,0.000000000000000000e+00,-2.771263548342068738e-04
0.000000000000000000e+00,-1.623837825867697204e-01,-6.043176240994743154e+00,0.000000000000000000e+00,0.000000000000000000e+00,-4.569358803614074760e-01,0.000000000000000000e+00,-1.265200881722196937e+04,0.000000000000000000e+00,6.498434290366069061e-04
0.000000000000000000e+00,3.403554748820114551e-01,5.878427986400528660e+00,0.000000000000000000e+00,0.000000000000000000e+00,3.671460984581003673e-01,0.000000000000000000e+00,1.132330144772306085e+04,0.000000000000000000e+00,-8.751831879954318025e-04
0.000000000000000000e+00,2.864231334748533753e-01,5.674866678014717225e-01,0.000000000000000000e+00,0.000000000000000000e+00,4.274614024309062899e+00,0.000000000000000000e+00,2.112066126889735460e+04,0.000000000000000000e+00,2.873997315385869861e-03
0.000000000000000000e+00,1.982038257291808270e-01,3.314922937272135606e+00,0.000000000000000000e+00,0.000000000000000000e+00,2.783301302357140461e+00,0.000000000000000000e+00,1.079964587784931064e+04,0.000000000000000000e+00,1.566321536581907672e-03
0.000000000000000000e+00,1.059077766273673199e-01,5.002486569824636575e+00,0.000000000000000000e+00,0.000000000000000000e+00,1.513138167635458720e+00,0.000000000000000000e+00,4.721381361579988152e+03,0.000000000000000000e+00,7.149985439321342520e-04
0.000000000000000000e+00,-5.792301239772184446e-02,-5.655982053236082052e+00,0.000000000000000000e+00,0.000000000000000000e+00,-8.729991965785672825e-01,0.000000000000000000e+00,-2.233798819663934410e+03,0.000000000000000000e+00,-3.490970826541415421e-04
0.000000000000000000e+00,3.475364941327888091e-02,6.030939571608647576e+00,0.000000000000000000e+00,0.000000000000000000e+00,5.633851748986125063e-01,0.000000000000000000e+00,1.201437379918992519e+03,0.000000000000000000e+00,1.919643294361510547e-04
0.000000000000000000e+00,2.380499433607186424e-02,6.696979822151691408e+00,0.000000000000000000e+00,0.000000000000000000e+00,4.189379915834854362e-01,0.000000000000000000e+00,7.552237982656806707e+02,0.000000000000000000e+00,1.227408518665395012e-04
0.000000000000000000e+00,-2.860397705157755599e-01,-1.307329050776309459e-03,0.000000000000000000e+00,0.000000000000000000e+00,-4.213454510580807444e+00,0.000000000000000000e+00,-2.313971216246485710e+04,0.000000000000000000e+00,-3.044050596655860971e-03
0.000000000000000000e+00,-2.037845078792431819e-01,-4.534865296406422330e-01,0.000000000000000000e+00,0.000000000000000000e+00,-3.436306337241231024e+00,0.000000000000000000e+00,-2.242788394123315811e+04,0.000000000000000000e+00,-2.760139450540683315e-03
0.000000000000000000e+00,1.322738879500440501e-01,1.569134785718432568e+00,0.000000000000000000e+00,0.000000000000000000e+00,2.968963311584333464e+00,0.000000000000000000e+00,2.342327965895831585e+04,0.000000000000000000e+00,2.621232818038329165e-03
0.000000000000000000e+00,5.596625662582024180e-02,2.813269584642064114e+00,0.000000000000000000e+00,0.000000000000000000e+00,2.364443075102386160e+00,0.000000000000000000e+00,2.280373966636136174e+04,0.000000000000000000e+00,2.221865905241037897e-03
0.000000000000000000e+00,-1.747291712508185690e-03,-3.707896328325432034e+00,0.000000000000000000e+00,0.000000000000000000e+00,-1.752288995785379777e+00,0.000000000000000000e+00,-2.086231029586680233e+04,0.000000000000000000e+00,-1.642836420690782723e-03
0.000000000000000000e+00,7.762353950417696415e-03,-4.420077478892580736e+00,0.000000000000000000e+00,0.000000000000000000e+00,-1.336412914933434282e+00,0.000000000000000000e+00,-1.974713554167561233e+04,0.000000000000000000e+00,-1.086406868023953760e-03
0.000000000000000000e+00,-4.973821969370495477e-02,-4.639663902653937022e+00,0.000000000000000000e+00,0.000000000000000000e+00,-9.737789133650779361e-01,0.000000000000000000e+00,-1.779106513665989041e+04,0.000000000000000000e+00,-4.653519901448949182e-04
0.000000000000000000e+00,1.890743924118908903e-01,4.590359199152681313e+00,0.000000000000000000e+00,0.000000000000000000e+00,7.074574859368220059e-01,0.000000000000000000e+00,1.565853720442857593e+04,0.000000000000000000e+00,-8.961543723365980217e-05
0.000000000000000000e+00,-4.985704956470187188e-01,-5.592488586287225338e+00,0.000000000000000000e+00,0.000000000000000000e+00,-6.596666753056543708e-01,0.000000000000000000e+00,-1.690451901104673743e+04,0.000000000000000000e+00,5.841384743859879538e-04
0.000000000000000000e+00,8.305698151581837330e-01,5.949308820222032779e+00,0.000000000000000000e+00,0.000000000000000000e+00,5.544539679447643143e-01,0.000000000000000000e+00,1.529121583901904523e+04,0.000000000000000000e+00,-7.760047134125056716e-04
0.000000000000000000e+00,-8.599879973290666113e-01,-5.162760897986600206e+00,0.000000000000000000e+00,0.000000000000000000e+00,-3.902355339660858458e-01,0.000000000000000000e+00,-1.056493930241465569e+04,0.000000000000000000e+00,4.962708864179096041e-04
0.000000000000000000e+00,-1.026598751690781519e+00,-6.476778963353299723e+00,0.000000000000000000e+00,0.000000000000000000e+00,-4.051516762713395781e-01,0.000000000000000000e+00,-9.878009336344897747e+03,0.000000000000000000e+00,2.479368797821234881e-04
0.000000000000000000e+00,2.930125706490692705e-01,5.391596156262837836e-01,0.000000000000000000e+00,0.000000000000000000e+00,4.051658292661651117e+00,0.000000000000000000e+00,1.870061031226813793e+04,0.000000000000000000e+00,2.596335773865655980e-03
0.000000000000000000e+00,-2.223182137655824453e-01,-3.659632471524538744e+00,0.000000000000000000e+00,0.000000000000000000e+00,-3.067085631448390970e+00,0.000000000000000000e+00,-1.043820514421164989e+04,0.000000000000000000e+00,-1.556179667635042719e-03
0.000000000000000000e+00,-1.105161179264248783e-01,-5.423027024428193954e+00,0.000000000000000000e+00,0.000000000000000000e+00,-1.637295178960605835e+00,0.000000000000000000e+00,-4.258017626114189625e+03,0.000000000000000000e+00,-6.638978039426010657e-04
0.000000000000000000e+00,5.387181098050960321e-02,5.736359419886193578e+00,0.000000000000000000e+00,0.000000000000000000e+00,8.838225379059001519e-01,0.000000000000000000e+00,1.808450616534799337e+03,0.000000000000000000e+00,2.903896647567993580e-04
0.000000000000000000e+00,-3.023102869323086861e-02,-5.965178039611738647e+00,0.000000000000000000e+00,0.000000000000000000e+00,-5.559569455911216318e-01,0.000000000000000000e+00,-9.167666248828172684e+02,0.000000000000000000e+00,-1.503545531912652878e-04
0.000000000000000000e+00,2.065405659716622322e-02,6.845248624299596685e+00,0.000000000000000000e+00,0.000000000000000000e+00,4.272177516803105646e-01,0.000000000000000000e+00,5.788591895308345556e+02,0.000000000000000000e+00,9.645386672235306037e-05
0.000000000000000000e+00,-3.168680109631806796e-01,-7.456028524699555684e-04,0.000000000000000000e+00,0.000000000000000000e+00,-4.197081721103620211e+00,0.000000000000000000e+00,-2.217134612045064569e+04,0.000000000000000000e+00,-2.955394989959258308e-03
0.000000000000000000e+00,2.541392172116564985e-01,4.776804205665255432e-01,0.000000000000000000e+00,0.000000000000000000e+00,3.611504681249222859e+00,0.000000000000000000e+00,2.353036028718575835e+04,0.000000000000000000e+00,2.897680305699237326e-03
0.000000000000000000e+00,-1.749442179077322634e-01,-1.508993575865911874e+00,0.000000000000000000e+00,0.000000000000000000e+00,-2.851153109545965236e+00,0.000000000000000000e+00,-2.337998095154762268e+04,0.000000000000000000e+00,-2.554629011864672974e-03
0.000000000000000000e+00,1.296338946650727741e-01,2.815932611090860682e+00,0.000000000000000000e+00,0.000000000000000000e+00,2.363413868552769692e+00,0.000000000000000000e+00,2.468330995635688305e+04,0.000000000000000000e+00,2.239918442068340731e-03
0.000000000000000000e+00,-1.227037563087557959e-01,-3.402621934740320153e+00,0.000000000000000000e+00,0.000000000000000000e+00,-1.605595983392735349e+00,0.000000000000000000e+00,-2.146007572235912085e+04,0.000000000000000000e+00,-1.429176426808848564e-03
0.000000000000000000e+00,-2.394828268556657147e-01,-4.048101422088545398e+00,0.000000000000000000e+00,0.000000000000000000e+00,-1.222064911899941819e+00,0.000000000000000000e+00,-2.064808769149519503e+04,0.000000000000000000e+00,-7.727789105184780039e-04
0.000000000000000000e+00,-4.765974146161523484e-01,-4.244845207050170544e+00,0.000000000000000000e+00,0.000000000000000000e+00,-8.896060180649068005e-01,0.000000000000000000e+00,-1.820841351405903697e+04,0.000000000000000000e+00,-1.439470515559656692e-04
0.000000000000000000e+00,9.914916972683499585e-01,5.612491717613090181e+00,0.000000000000000000e+00,0.000000000000000000e+00,8.642249744179720805e-01,0.000000000000000000e+00,1.971124832531064749e+04,0.000000000000000000e+00,-2.270435431465242992e-04
0.000000000000000000e+00,1.203424331134703706e+00,5.733447290277096542e+00,0.000000000000000000e+00,0.000000000000000000e+00,6.766700433737666831e-01,0.000000000000000000e+00,1.531577813717722893e+04,0.000000000000000000e+00,-1.589700736615816672e-04
0.000000000000000000e+00,9.900192030307203295e-01,5.186435343751768734e+00,0.000000000000000000e+00,0.000000000000000000e+00,4.842462431792845523e-01,0.000000000000000000e+00,9.716788702766061760e+03,0.000000000000000000e+00,1.030781942407876030e-04
0.000000000000000000e+00,-9.386611329117044988e-01,-6.528793792803217144e+00,0.000000000000000000e+00,0.000000000000000000e+00,-4.941347081959122645e-01,0.000000000000000000e+00,-8.127188441827893257e+03,0.000000000000000000e+00,-3.288328697207445182e-04
0.000000000000000000e+00,6.504902791785313054e-01,6.637897911112061955e+00,0.000000000000000000e+00,0.000000000000000000e+00,4.155358091418996924e-01,0.000000000000000000e+00,5.388965736255049706e+03,0.000000000000000000e+00,3.733908525931941527e-04
0.000000000000000000e+00,3.259371109225119301e-01,5.656863466895002412e-01,0.000000000000000000e+00,0.000000000000000000e+00,4.244103665209420839e+00,0.000000000000000000e+00,1.823422252849675715e+04,0.000000000000000000e+00,2.580573902384747289e-03
0.000000000000000000e+00,-2.023773230966944559e-01,-3.356690790689650150e+00,0.000000000000000000e+00,0.000000000000000000e+00,-2.809636330984278896e+00,0.000000000000000000e+00,-8.425091429941356182e+03,0.000000000000000000e+00,-1.284677719201686398e-03
0.000000000000000000e+00,9.328801270146738767e-02,4.859677011512361311e+00,0.000000000000000000e+00,0.000000000000000000e+00,1.465178054896758342e+00,0.000000000000000000e+00,3.217490510314702988e+03,0.000000000000000000e+00,5.125905740695842379e-04
0.000000000000000000e+00,-5.002413816816192460e-02,-5.901767525354441268e+00,0.000000000000000000e+00,0.000000000000000000e+00,-9.079622196371114340e-01,0.000000000000000000e+00,-1.517135705528780818e+03,0.000000000000000000e+00,-2.483417585423174046e-04
0.000000000000000000e+00,-2.982539708795626035e-02,-6.752766162730773125e+00,0.000000000000000000e+00,0.000000000000000000e+00,-6.283827303126759967e-01,0.000000000000000000e+00,-8.238603078853338957e+02,0.000000000000000000e+00,-1.372835031043094945e-04
0.000000000000000000e+00,-1.643566407250768649e-02,-6.433193978390231216e+00,0.000000000000000000e+00,0.000000000000000000e+00,-4.009935723457438983e-01,0.000000000000000000e+00,-4.225203069280833006e+02,0.000000000000000000e+00,-7.150994613746067784e-05
0.000000000000000000e+00,-3.407325345185078236e-01,-8.290798047816875073e-04,0.000000000000000000e+00,0.000000000000000000e+00,-4.100614622632110517e+00,0.000000000000000000e+00,-2.069828416499495506e+04,0.000000000000000000e+00,-2.799558625746904113e-03
0.000000000000000000e+00,3.024288275872751841e-01,4.736398564689031643e-01,0.000000000000000000e+00,0.000000000000000000e+00,3.591928114168775998e+00,0.000000000000000000e+00,2.308015167778730392e+04,0.000000000000000000e+00,2.859213256561810197e-03
0.000000000000000000e+00,2.304212532047370254e-01,1.376725688413432236e+00,0.000000000000000000e+00,0.000000000000000000e+00,2.610023430195296701e+00,0.000000000000000000e+00,2.179519760472327471e+04,0.000000000000000000e+00,2.353702577973862398e-03
0.000000000000000000e+00,2.458744362101403791e-01,2.510961268209854325e+00,0.000000000000000000e+00,0.000000000000000000e+00,2.114791195472144558e+00,0.000000000000000000e+00,2.311613586549460888e+04,0.000000000000000000e+00,2.003702069842778263e-03
0.000000000000000000e+00,3.689125493051776949e-01,3.368013016015828143e+00,0.000000000000000000e+00,0.000000000000000000e+00,1.595079222625763071e+00,0.000000000000000000e+00,2.252373670703498647e+04,0.000000000000000000e+00,1.358114405477887920e-03
0.000000000000000000e+00,6.938984337259895829e-01,4.183527445547730927e+00,0.000000000000000000e+00,0.000000000000000000e+00,1.267764566915059010e+00,0.000000000000000000e+00,2.195038147862255573e+04,0.000000000000000000e+00,7.436444946284732817e-04
0.000000000000000000e+00,9.570114604728034990e-01,4.186964567218780076e+00,0.000000000000000000e+00,0.000000000000000000e+00,8.812569912907575187e-01,0.000000000000000000e+00,1.684481238042004406e+04,0.000000000000000000e+00,3.183470502989220029e-04
0.000000000000000000e+00,1.315780631112200894e+00,5.489591189948266781e+00,0.000000000000000000e+00,0.000000000000000000e+00,8.500039170022311019e-01,0.000000000000000000e+00,1.558219871437922120e+04,0.000000000000000000e+00,3.912298749872377660e-04
0.000000000000000000e+00,-9.554591194795134523e-01,-4.964609128062779320e+00,0.000000000000000000e+00,0.000000000000000000e+00,-5.891416238243382120e-01,0.000000000000000000e+00,-9.147977764211595058e+03,0.000000000000000000e+00,-4.406150240760367326e-04
0.000000000000000000e+00,8.142120781913788630e-01,6.235221794866259160e+00,0.000000000000000000e+00,0.000000000000000000e+00,5.848997242715581191e-01,0.000000000000000000e+00,7.144559545464813709e+03,0.000000000000000000e+00,5.404077183816905243e-04
0.000000000000000000e+00,5.605528931127452541e-01,6.796261426171592568e+00,0.000000000000000000e+00,0.000000000000000000e+00,5.165236280868331642e-01,0.000000000000000000e+00,4.829388549990952015e+03,0.000000000000000000e+00,4.802249576058874509e-04
0.000000000000000000e+00,-3.102984833557762556e-01,-6.030229957947067732e+00,0.000000000000000000e+00,0.000000000000000000e+00,-3.788736175356421931e-01,0.000000000000000000e+00,-2.711898936873301864e+03,0.000000000000000000e+00,-3.192072357947902230e-04
0.000000000000000000e+00,3.684466714047812119e-01,6.090935972101065854e-01,0.000000000000000000e+00,0.000000000000000000e+00,4.593108006147534006e+00,0.000000000000000000e+00,1.833162978570163250e+04,0.000000000000000000e+00,2.641405056808119722e-03
0.000000000000000000e+00,1.827660574089135792e-01,3.089217423824833553e+00,0.000000000000000000e+00,0.000000000000000000e+00,2.595561062671246422e+00,0.000000000000000000e+00,6.898856976692564785e+03,0.000000000000000000e+00,1.071998940506922781e-03
0.000000000000000000e+00,9.351788315423928410e-02,5.202174729481739313e+00,0.000000000000000000e+00,0.000000000000000000e+00,1.574457747349662151e+00,0.000000000000000000e+00,2.957256566964089870e+03,0.000000000000000000e+00,4.791756543826673352e-04
0.000000000000000000e+00,-4.844247660947150619e-02,-6.333448724763601767e+00,0.000000000000000000e+00,0.000000000000000000e+00,-9.779423167469523115e-01,0.000000000000000000e+00,-1.360602612376213074e+03,0.000000000000000000e+00,-2.260290738707502155e-04
0.000000000000000000e+00,-2.773193394106315823e-02,-7.171540113283612961e+00,0.000000000000000000e+00,0.000000000000000000e+00,-6.700220831495118379e-01,0.000000000000000000e+00,-7.158089111149311066e+02,0.000000000000000000e+00,-1.207275462807945779e-04
0.000000000000000000e+00,-1.449353061706186441e-02,-6.630112407849528822e+00,0.000000000000000000e+00,0.000000000000000000e+00,-4.147744609807839100e-01,0.000000000000000000e+00,-3.502768522268161178e+02,0.000000000000000000e+00,-5.984472047832772613e-05
0.000000000000000000e+00,-3.601814482597868738e-01,-6.419075922682848092e-04,0.000000000000000000e+00,0.000000000000000000e+00,-3.997760735222585460e+00,0.000000000000000000e+00,-1.917044385708868504e+04,0.000000000000000000e+00,-2.633396634836172433e-03
0.000000000000000000e+00,-3.349045680324033158e-01,-4.439011484297433752e-01,0.000000000000000000e+00,0.000000000000000000e+00,-3.363475226181913413e+00,0.000000000000000000e+00,-2.108653909721970558e+04,0.000000000000000000e+00,-2.639221927982153115e-03
0.000000000000000000e+00,-3.612227300718776068e-01,-1.547226878362617741e+00,0.000000000000000000e+00,0.000000000000000000e+00,-2.929518819267708185e+00,0.000000000000000000e+00,-2.444644200445711613e+04,0.000000000000000000e+00,-2.640368237252983894e-03
0.000000000000000000e+00,4.431060475003144594e-01,2.597412794932951741e+00,0.000000000000000000e+00,0.000000000000000000e+00,2.185180971630299229e+00,0.000000000000000000e+00,2.412780709692835808e+04,0.000000000000000000e+00,2.068209695776891937e-03
0.000000000000000000e+00,6.733977320014010726e-01,3.307110279383887352e+00,0.000000000000000000e+00,0.000000000000000000e+00,1.564343123056131990e+00,0.000000000000000000e+00,2.183615615990012884e+04,0.000000000000000000e+00,1.344698311710691187e-03
0.000000000000000000e+00,1.089736437423189486e+00,4.202925569738596323e+00,0.000000000000000000e+00,0.000000000000000000e+00,1.272540480676680019e+00,0.000000000000000000e+00,2.016418280479637906e+04,0.000000000000000000e+00,9.254536576640150615e-04
0.000000000000000000e+00,-1.249598917575684531e+00,-4.756123833510137899e+00,0.000000000000000000e+00,0.000000000000000000e+00,-1.001037901016101683e+00,0.000000000000000000e+00,-1.540376885920763016e+04,0.000000000000000000e+00,-7.628769862494718529e-04
0.000000000000000000e+00,-1.163217748143281716e+00,-5.755901682232686944e+00,0.000000000000000000e+00,0.000000000000000000e+00,-8.908641741884529841e-01,0.000000000000000000e+00,-1.152881122020119801e+04,0.000000000000000000e+00,-8.034402316334296598e-04
0.000000000000000000e+00,7.144498372986860524e-01,5.482605333967979000e+00,0.000000000000000000e+00,0.000000000000000000e+00,6.501513962455953699e-01,0.000000000000000000e+00,6.503660212069749832e+03,0.000000000000000000e+00,6.114136268914603959e-04
0.000000000000000000e+00,5.384776348721698191e-01,6.861616095313064712e+00,0.000000000000000000e+00,0.000000000000000000e+00,6.426800783854390575e-01,0.000000000000000000e+00,4.833430386938620359e+03,0.000000000000000000e+00,5.542037534960396169e-04
0.000000000000000000e+00,-3.191118385255959922e-01,-6.779039848720322503e+00,0.000000000000000000e+00,0.000000000000000000e+00,-5.141645805740467923e-01,0.000000000000000000e+00,-2.915928703561425209e+03,0.000000000000000000e+00,-3.792425214160561773e-04
0.000000000000000000e+00,1.879815134501387208e-01,6.498919198960688703e+00,0.000000000000000000e+00,0.000000000000000000e+00,4.073409857933684153e-01,0.000000000000000000e+00,1.769971950024366379e+03,0.000000000000000000e+00,2.496905535346745342e-04
0.000000000000000000e+00,3.823364204503189590e-01,6.148682307164594629e-01,0.000000000000000000e+00,0.000000000000000000e+00,4.631592233451518048e+00,0.000000000000000000e+00,1.713527870122715831e+04,0.000000000000000000e+00,2.510965100492810673e-03
0.000000000000000000e+00,-1.942754814218827786e-01,-3.404327648137299711e+00,0.000000000000000000e+00,0.000000000000000000e+00,-2.856822134410778258e+00,0.000000000000000000e+00,-6.755273274542763829e+03,0.000000000000000000e+00,-1.066235699768598982e-03
0.000000000000000000e+00,-8.323786658219095580e-02,-5.013606439471352871e+00,0.000000000000000000e+00,0.000000000000000000e+00,-1.515374197579395732e+00,0.000000000000000000e+00,-2.455656228766310960e+03,0.000000000000000000e+00,-4.029588822200192333e-04
0.000000000000000000e+00,4.106627737989473892e-02,5.995618487712596867e+00,0.000000000000000000e+00,0.000000000000000000e+00,9.246667045572389831e-01,0.000000000000000000e+00,1.084264853298664093e+03,0.000000000000000000e+00,1.820344289285932176e-04
0.000000000000000000e+00,2.294749721962713665e-02,6.780358126603455382e+00,0.000000000000000000e+00,0.000000000000000000e+00,6.328294930018720788e-01,0.000000000000000000e+00,5.596803596913814545e+02,0.000000000000000000e+00,9.538299855618110408e-05
0.000000000000000000e+00,1.084132533273332068e-02,5.786241370000580808e+00,0.000000000000000000e+00,0.000000000000000000e+00,3.613623544677692090e-01,0.000000000000000000e+00,2.493285449929535389e+02,0.000000000000000000e+00,4.291618829839935457e-05
0.000000000000000000e+00,-4.313519465891427207e-01,-9.047513362283416891e-04,0.000000000000000000e+00,0.000000000000000000e+00,-4.273882855468880138e+00,0.000000000000000000e+00,-1.824804152879863977e+04,0.000000000000000000e+00,-2.586861445802913877e-03
0.000000000000000000e+00,-4.959169414433723944e-01,-3.273222014118493672e-01,0.000000000000000000e+00,0.000000000000000000e+00,-4.096415469277252086e+00,0.000000000000000000e+00,-2.212386376359313726e+04,0.000000000000000000e+00,-2.928328989760086831e-03
0.000000000000000000e+00,-4.973849313839173725e-01,-9.926802764002011781e-01,0.000000000000000000e+00,0.000000000000000000e+00,-3.107542366310271920e+00,0.000000000000000000e+00,-2.136122831344977021e+04,0.000000000000000000e+00,-2.566904271847688518e-03
0.000000000000000000e+00,-6.288562047388560616e-01,-1.861458806232559882e+00,0.000000000000000000e+00,0.000000000000000000e+00,-2.588581356557587476e+00,0.000000000000000000e+00,-2.227985134159773588e+04,0.000000000000000000e+00,-2.357796742883917687e-03
0.000000000000000000e+00,-8.465220792627229374e-01,-2.676707570306316342e+00,0.000000000000000000e+00,0.000000000000000000e+00,-2.093745388014876863e+00,0.000000000000000000e+00,-2.152184091187268496e+04,0.000000000000000000e+00,-1.979435523573919338e-03
0.000000000000000000e+00,1.127089973036515591e+00,3.526019928803997505e+00,0.000000000000000000e+00,0.000000000000000000e+00,1.765670757336312180e+00,0.000000000000000000e+00,1.989082346428185701e+04,0.000000000000000000e+00,1.666445575396935082e-03
0.000000000000000000e+00,1.184195393423758569e+00,4.057103505978028046e+00,0.000000000000000000e+00,0.000000000000000000e+00,1.411641451849764861e+00,0.000000000000000000e+00,1.557467278716340661e+04,0.000000000000000000e+00,1.333908827734530409e-03
0.000000000000000000e+00,-1.082107300920150061e+00,-4.759423367773104374e+00,0.000000000000000000e+00,0.000000000000000000e+00,-1.217379784559162514e+00,0.000000000000000000e+00,-1.182944453625380993e+04,0.000000000000000000e+00,-1.141633942718675446e-03
0.000000000000000000e+00,-8.580513407602500253e-01,-5.483792840191647144e+00,0.000000000000000000e+00,0.000000000000000000e+00,-1.074204461177149517e+00,0.000000000000000000e+00,-8.555571276336908340e+03,0.000000000000000000e+00,-9.499810781413955052e-04
0.000000000000000000e+00,-5.822953161958750457e-01,-5.759486853202465007e+00,0.000000000000000000e+00,0.000000000000000000e+00,-8.915366241269875314e-01,0.000000000000000000e+00,-5.621161802805960178e+03,0.000000000000000000e+00,-7.016296679681588129e-04
0.000000000000000000e+00,3.714965467537735266e-01,5.780913016240603497e+00,0.000000000000000000e+00,0.000000000000000000e+00,7.244939389685510767e-01,0.000000000000000000e+00,3.587989374948665500e+03,0.000000000000000000e+00,4.881590276338670909e-04
0.000000000000000000e+00,-2.607543794407035098e-01,-6.319555293078941816e+00,0.000000000000000000e+00,0.000000000000000000e+00,-6.543370430199904053e-01,0.000000000000000000e+00,-2.559807143094949424e+03,0.000000000000000000e+00,-3.705894564359993467e-04
0.000000000000000000e+00,3.994878229444037143e-01,3.684602630071439622e-01,0.000000000000000000e+00,0.000000000000000000e+00,4.573422081443316856e+00,0.000000000000000000e+00,1.545415791109949350e+04,0.000000000000000000e+00,2.306218183752898384e-03
0.000000000000000000e+00,2.398350416547347652e-01,2.523723895646914350e+00,0.000000000000000000e+00,0.000000000000000000e+00,3.500478577135050173e+00,0.000000000000000000e+00,7.804672069998458028e+03,0.000000000000000000e+00,1.240701117528070696e-03
0.000000000000000000e+00,1.266210163246920539e-01,4.642621030413846661e+00,0.000000000000000000e+00,0.000000000000000000e+00,2.319637892600600271e+00,0.000000000000000000e+00,3.608876587629318237e+03,0.000000000000000000e+00,5.941154868518459331e-04
0.000000000000000000e+00,-6.524176309470215707e-02,-5.817511774903673327e+00,0.000000000000000000e+00,0.000000000000000000e+00,-1.483430570942504412e+00,0.000000000000000000e+00,-1.688380659289658070e+03,0.000000000000000000e+00,-2.841264791067710173e-04
0.000000000000000000e+00,-3.162651187960142940e-02,-5.708221318319336213e+00,0.000000000000000000e+00,0.000000000000000000e+00,-8.804858614866236666e-01,0.000000000000000000e+00,-7.616050288341939449e+02,0.000000000000000000e+00,-1.300504738779985987e-04
0.000000000000000000e+00,-1.856280001891344802e-02,-6.047962817018934345e+00,0.000000000000000000e+00,0.000000000000000000e+00,-6.245301129127664996e-01,0.000000000000000000e+00,-4.232942894473671913e+02,0.000000000000000000e+00,-7.292495261219382084e-05
-1.329468420946341434e+00,0.000000000000000000e+00,0.000000000000000000e+00,-1.122280650876047309e-02,-5.191673993640754325e+00,0.000000000000000000e+00,-1.902314968811720610e+04,0.000000000000000000e+00,-5.798559846146069665e-04,0.000000000000000000e+00
-1.519353469013562163e+00,0.000000000000000000e+00,0.000000000000000000e+00,-7.357187347618143747e-01,-5.626914683845884113e+00,0.000000000000000000e+00,-2.195557198271155357e+04,0.000000000000000000e+00,-4.441610515755995228e-04,0.000000000000000000e+00
1.173394479684002789e+00,0.000000000000000000e+00,0.000000000000000000e+00,2.146497860815121950e+00,4.065963976190660745e+00,0.000000000000000000e+00,1.703714106640219688e+04,0.000000000000000000e+00,1.227023938735263831e-04,0.000000000000000000e+00
-9.738488912214560145e-01,0.000000000000000000e+00,0.000000000000000000e+00,-3.736746512801644826e+00,-3.135813040363097937e+00,0.000000000000000000e+00,-1.409132213990390301e+04,0.000000000000000000e+00,1.000151867085690127e-04,0.000000000000000000e+00
-8.081258114617179134e-01,0.000000000000000000e+00,0.000000000000000000e+00,-5.091687956919586533e+00,-2.399718798201490699e+00,0.000000000000000000e+00,-1.155340201619267464e+04,0.000000000000000000e+00,2.600318992095485959e-04,0.000000000000000000e+00
-6.572589813300114825e-01,0.000000000000000000e+00,0.000000000000000000e+00,-5.922639064649940721e+00,-1.784739822913421037e+00,0.000000000000000000e+00,-9.197153397005051374e+03,0.000000000000000000e+00,3.573471173831802624e-04,0.000000000000000000e+00
-5.352488787966453998e-01,0.000000000000000000e+00,0.000000000000000000e+00,-6.299529118462263710e+00,-1.317373060099457760e+00,0.000000000000000000e+00,-7.256603140562772751e+03,0.000000000000000000e+00,4.064053842185914411e-04,0.000000000000000000e+00
-4.761397898933205641e-01,0.000000000000000000e+00,0.000000000000000000e+00,-6.855584574244657503e+00,-1.052866651553975741e+00,0.000000000000000000e+00,-6.186016193132847548e+03,0.000000000000000000e+00,4.562158994004735803e-04,0.000000000000000000e+00
-4.568029882026471977e-01,0.000000000000000000e+00,0.000000000000000000e+00,-7.656917656599293132e+00,-8.999614475579699180e-01,0.000000000000000000e+00,-5.624761987315490842e+03,0.000000000000000000e+00,5.164771329724694021e-04,0.000000000000000000e+00
3.788737814961680717e-01,0.000000000000000000e+00,0.000000000000000000e+00,7.114090280297251212e+00,6.604306670058581741e-01,0.000000000000000000e+00,4.375082733102142811e+03,0.000000000000000000e+00,-4.806702713696281480e-04,0.000000000000000000e+00
-3.761881304650345759e-01,0.000000000000000000e+00,0.000000000000000000e+00,-7.680489698407275689e+00,-5.774057461650305978e-01,0.000000000000000000e+00,-4.035479136362206191e+03,0.000000000000000000e+00,5.143228932453946427e-04,0.000000000000000000e+00
-3.600488397016204378e-01,0.000000000000000000e+00,0.000000000000000000e+00,-7.817684381560086493e+00,-4.856233910495137973e-01,0.000000000000000000e+00,-3.560796333871781826e+03,0.000000000000000000e+00,5.128406365280740401e-04,0.000000000000000000e+00
1.307847161288011373e+00,0.000000000000000000e+00,0.000000000000000000e+00,7.403541784009567417e-01,5.452656054978519684e+00,0.000000000000000000e+00,1.839537418831884861e+04,0.000000000000000000e+00,7.929639924309216667e-04,0.000000000000000000e+00
7.399050527349319006e-01,0.000000000000000000e+00,0.000000000000000000e+00,4.135827118957689841e+00,3.427099574262988391e+00,0.000000000000000000e+00,1.007029244711250067e+04,0.000000000000000000e+00,6.418963829376329736e-04,0.000000000000000000e+00
3.649961185066292746e-01,0.000000000000000000e+00,0.000000000000000000e+00,6.212892344149689272e+00,1.858238541412843947e+00,0.000000000000000000e+00,4.788233233861625195e+03,0.000000000000000000e+00,3.909800828560165632e-04,0.000000000000000000e+00
-2.059742741703733948e-01,0.000000000000000000e+00,0.000000000000000000e+00,-7.501128642646069267e+00,-1.145745808313489267e+00,0.000000000000000000e+00,-2.601775188351050019e+03,0.000000000000000000e+00,-2.517018023919408219e-04,0.000000000000000000e+00
1.143775738509552192e-01,0.000000000000000000e+00,0.000000000000000000e+00,7.481518399984356193e+00,6.913090541798903033e-01,0.000000000000000000e+00,1.390421362370252609e+03,0.000000000000000000e+00,1.522652349866864744e-04,0.000000000000000000e+00
6.628574142321447260e-02,0.000000000000000000e+00,0.000000000000000000e+00,7.011638090730119899e+00,4.341117535825120277e-01,0.000000000000000000e+00,7.760595976710319519e+02,0.000000000000000000e+00,9.359046102669647729e-05,0.000000000000000000e+00
-1.227957359163000417e+00,0.000000000000000000e+00,0.000000000000000000e+00,-2.721454564491327267e-03,-4.745695080014846745e+00,0.000000000000000000e+00,-1.657737983043491840e+04,0.000000000000000000e+00,-6.395063360786962031e-04,0.000000000000000000e+00
-1.431088686554031986e+00,0.000000000000000000e+00,0.000000000000000000e+00,-6.373831849311262232e-01,-4.896796197730892253e+00,0.000000000000000000e+00,-1.936546276221703738e+04,0.000000000000000000e+00,-3.296357771559061409e-04,0.000000000000000000e+00
1.438410147487114488e+00,0.000000000000000000e+00,0.000000000000000000e+00,2.210424780569809400e+00,4.226075663642738789e+00,0.000000000000000000e+00,1.905686166874319315e+04,0.000000000000000000e+00,-1.742710953522066117e-04,0.000000000000000000e+00
1.225018370616447694e+00,0.000000000000000000e+00,0.000000000000000000e+00,3.546175929090010115e+00,3.008218710846761290e+00,0.000000000000000000e+00,1.538922963085211813e+04,0.000000000000000000e+00,-5.857654327297136341e-04,0.000000000000000000e+00
1.244354669659349044e+00,0.000000000000000000e+00,0.000000000000000000e+00,5.214590765474778067e+00,2.486096303710870536e+00,0.000000000000000000e+00,1.429909402687475085e+04,0.000000000000000000e+00,-9.800543704027793630e-04,0.000000000000000000e+00
-1.050134203052537574e+00,0.000000000000000000e+00,0.000000000000000000e+00,-5.488813340865686285e+00,-1.673878440495418340e+00,0.000000000000000000e+00,-1.066940661643445492e+04,0.000000000000000000e+00,1.050384359908224227e-03,0.000000000000000000e+00
-1.141453043742326923e+00,0.000000000000000000e+00,0.000000000000000000e+00,-6.829774330384926984e+00,-1.445905041909417932e+00,0.000000000000000000e+00,-1.000301838113367558e+04,0.000000000000000000e+00,1.246995346265030629e-03,0.000000000000000000e+00
-1.050422363950954674e+00,0.000000000000000000e+00,0.000000000000000000e+00,-6.916278759537964227e+00,-1.075574947527585534e+00,0.000000000000000000e+00,-7.859954653460532427e+03,0.000000000000000000e+00,1.128088599745143486e-03,0.000000000000000000e+00
9.156144731641215895e-01,0.000000000000000000e+00,0.000000000000000000e+00,6.609393468954641193e+00,7.869129039839714013e-01,0.000000000000000000e+00,5.882007140837609768e+03,0.000000000000000000e+00,-8.927463595705362491e-04,0.000000000000000000e+00
9.493723376616286513e-01,0.000000000000000000e+00,0.000000000000000000e+00,7.670860537121020784e+00,7.216911302108249826e-01,0.000000000000000000e+00,5.330869788523763418e+03,0.000000000000000000e+00,-7.881101094269007696e-04,0.000000000000000000e+00
-7.750313554980514663e-01,0.000000000000000000e+00,0.000000000000000000e+00,-7.247402910052384684e+00,-5.524153262345390392e-01,0.000000000000000000e+00,-3.900453346952795982e+03,0.000000000000000000e+00,5.167965740245873338e-04,0.000000000000000000e+00
7.271512127111173784e-01,0.000000000000000000e+00,0.000000000000000000e+00,8.155173278424717509e+00,5.138199969794476907e-01,0.000000000000000000e+00,3.368892821550369263e+03,0.000000000000000000e+00,-3.655943806766681495e-04,0.000000000000000000e+00
1.138635235121768785e+00,0.000000000000000000e+00,0.000000000000000000e+00,6.600037812629910849e-01,4.972418065285633126e+00,0.000000000000000000e+00,1.507527963166311383e+04,0.000000000000000000e+00,9.082638426449319950e-04,0.000000000000000000e+00
-5.865310964671970329e-01,0.000000000000000000e+00,0.000000000000000000e+00,-3.695027994688548034e+00,-3.113436710046642908e+00,0.000000000000000000e+00,-7.322176409717649221e+03,0.000000000000000000e+00,-6.808235337999944377e-04,0.000000000000000000e+00
-3.036960765536035334e-01,0.000000000000000000e+00,0.000000000000000000e+00,-6.291249698729441953e+00,-1.910752760945629403e+00,0.000000000000000000e+00,-3.547305787339806557e+03,0.000000000000000000e+00,-4.155589683948016392e-04,0.000000000000000000e+00
1.603669553632544043e-01,0.000000000000000000e+00,0.000000000000000000e+00,7.610468639299262428e+00,1.179753608837587731e+00,0.000000000000000000e+00,1.759334855413064361e+03,0.000000000000000000e+00,2.372771165368022742e-04,0.000000000000000000e+00
8.540385085817094046e-02,0.000000000000000000e+00,0.000000000000000000e+00,7.757435111022823904e+00,7.279254972144788560e-01,0.000000000000000000e+00,8.860124863013625145e+02,0.000000000000000000e+00,1.313186417359303788e-04,0.000000000000000000e+00
-5.272145947219254725e-02,0.000000000000000000e+00,0.000000000000000000e+00,-8.217970380274199016e+00,-5.163739967983337342e-01,0.000000000000000000e+00,-5.209576881825923920e+02,0.000000000000000000e+00,-8.264792987327666861e-05,0.000000000000000000e+00
-1.478268371579818607e+00,0.000000000000000000e+00,0.000000000000000000e+00,-1.736906486497228870e-03,-5.683606379665547159e+00,0.000000000000000000e+00,-1.842786573879420757e+04,0.000000000000000000e+00,-9.329603668409910001e-04,0.000000000000000000e+00
-1.652507145537251310e+00,0.000000000000000000e+00,0.000000000000000000e+00,-6.864111570231887782e-01,-5.231668101478640587e+00,0.000000000000000000e+00,-2.020568684249371290e+04,0.000000000000000000e+00,-4.288999391179087648e-04,0.000000000000000000e+00
1.557429646304737014e+00,0.000000000000000000e+00,0.000000000000000000e+00,2.029675407781023289e+00,3.857106196987669211e+00,0.000000000000000000e+00,1.772923388336598873e+04,0.000000000000000000e+00,-2.435482986329606792e-04,0.000000000000000000e+00
1.545965388834044107e+00,0.000000000000000000e+00,0.000000000000000000e+00,3.411446491821717775e+00,2.878121131593010862e+00,0.000000000000000000e+00,1.540876643557101488e+04,0.000000000000000000e+00,-7.700165726611292319e-04,0.000000000000000000e+00
-1.739273259274123351e+00,0.000000000000000000e+00,0.000000000000000000e+00,-5.072033795213834573e+00,-2.405736144929314868e+00,0.000000000000000000e+00,-1.444508770716190338e+04,0.000000000000000000e+00,1.173639544436831314e-03,0.000000000000000000e+00
1.620931054662913873e+00,0.000000000000000000e+00,0.000000000000000000e+00,5.698627798504458219e+00,1.729549951349820480e+00,0.000000000000000000e+00,1.102875075101503171e+04,0.000000000000000000e+00,-1.095125229456462256e-03,0.000000000000000000e+00
1.500050896989443938e+00,0.000000000000000000e+00,0.000000000000000000e+00,6.374714339620474846e+00,1.343552926092984157e+00,0.000000000000000000e+00,8.526146588191390038e+03,0.000000000000000000e+00,-8.361872548538515186e-04,0.000000000000000000e+00
1.292434324140252055e+00,0.000000000000000000e+00,0.000000000000000000e+00,6.980612155038288691e+00,1.081146123833110595e+00,0.000000000000000000e+00,6.402226961255073547e+03,0.000000000000000000e+00,-4.992848195751069034e-04,0.000000000000000000e+00
-9.876438776841302003e-01,0.000000000000000000e+00,0.000000000000000000e+00,-7.183751111936778955e+00,-8.520072552831365886e-01,0.000000000000000000e+00,-4.468498177647590637e+03,0.000000000000000000e+00,2.040752638819222408e-04,0.000000000000000000e+00
7.758361046158889218e-01,0.000000000000000000e+00,0.000000000000000000e+00,7.932528821746331893e+00,7.434080177789587074e-01,0.000000000000000000e+00,3.334513510096818209e+03,0.000000000000000000e+00,-3.083168503274041591e-05,0.000000000000000000e+00
-5.312479497144567686e-01,0.000000000000000000e+00,0.000000000000000000e+00,-7.808426500111584012e+00,-5.927676986787615565e-01,0.000000000000000000e+00,-2.230770976811647415e+03,0.000000000000000000e+00,-5.676333755365322686e-05,0.000000000000000000e+00
-3.753148392522613341e-01,0.000000000000000000e+00,0.000000000000000000e+00,-7.971493132406257232e+00,-5.000810857425762590e-01,0.000000000000000000e+00,-1.567810281060636044e+03,0.000000000000000000e+00,-8.730706142273034198e-05,0.000000000000000000e+00
1.103381348579620003e+00,0.000000000000000000e+00,0.000000000000000000e+00,6.743755008736416201e-01,5.069692916477261946e+00,0.000000000000000000e+00,1.355844240343570709e+04,0.000000000000000000e+00,1.053512643739022096e-03,0.000000000000000000e+00
5.607807758073548587e-01,0.000000000000000000e+00,0.000000000000000000e+00,4.059442156352032427e+00,3.408558777295932707e+00,0.000000000000000000e+00,6.418804947894066572e+03,0.000000000000000000e+00,7.438806959710157762e-04,0.000000000000000000e+00
2.350175698365523369e-01,0.000000000000000000e+00,0.000000000000000000e+00,5.993128177870468143e+00,1.813005103958829967e+00,0.000000000000000000e+00,2.483794632248580456e+03,0.000000000000000000e+00,3.499051778516945447e-04,0.000000000000000000e+00
1.179661888155902200e-01,0.000000000000000000e+00,0.000000000000000000e+00,7.317177866356297855e+00,1.129871225873562146e+00,0.000000000000000000e+00,1.163713872127234936e+03,0.000000000000000000e+00,1.833020415915326685e-04,0.000000000000000000e+00
-6.455705946896703185e-02,0.000000000000000000e+00,0.000000000000000000e+00,-8.089233318803088935e+00,-7.554897286328694506e-01,0.000000000000000000e+00,-6.025673556774854660e+02,0.000000000000000000e+00,-1.017311916739452489e-04,0.000000000000000000e+00
4.022080875072038542e-02,0.000000000000000000e+00,0.000000000000000000e+00,9.057373853047341328e+00,5.665234739210760484e-01,0.000000000000000000e+00,3.586129857785999775e+02,0.000000000000000000e+00,6.315766089508631628e-05,0.000000000000000000e+00
-1.370638845069381162e+00,0.000000000000000000e+00,0.000000000000000000e+00,-1.418280764541190835e-03,-5.317649539678558135e+00,0.000000000000000000e+00,-1.566745446561276913e+04,0.000000000000000000e+00,-1.016319064373890236e-03,0.000000000000000000e+00
1.598694096948721999e+00,0.000000000000000000e+00,0.000000000000000000e+00,6.301727513086610166e-01,4.784959375955093464e+00,0.000000000000000000e+00,1.740314904638007283e+04,0.000000000000000000e+00,5.555121419272476000e-04,0.000000000000000000e+00
1.966682797036556352e+00,0.000000000000000000e+00,0.000000000000000000e+00,2.259212790328155585e+00,4.280371008119744580e+00,0.000000000000000000e+00,1.887280682587623596e+04,0.000000000000000000e+00,-9.396965969332861770e-05,0.000000000000000000e+00
1.779897471294575206e+00,0.000000000000000000e+00,0.000000000000000000e+00,3.296848649966063860e+00,2.774163851406701742e+00,0.000000000000000000e+00,1.404962974014133215e+04,0.000000000000000000e+00,-5.118149729049047266e-04,0.000000000000000000e+00
-1.872344662571078899e+00,0.000000000000000000e+00,0.000000000000000000e+00,-4.699441644867638601e+00,-2.223843361204431712e+00,0.000000000000000000e+00,-1.190138287405134179e+04,0.000000000000000000e+00,5.994860569605744809e-04,0.000000000000000000e+00
1.632029223129725759e+00,0.000000000000000000e+00,0.000000000000000000e+00,5.570425754260466711e+00,1.687125082141744281e+00,0.000000000000000000e+00,8.651986329287290573e+03,0.000000000000000000e+00,-3.448116689139606151e-04,0.000000000000000000e+00
1.269144415290898387e+00,0.000000000000000000e+00,0.000000000000000000e+00,6.295503139783160229e+00,1.324328653866604810e+00,0.000000000000000000e+00,5.969223933835513890e+03,0.000000000000000000e+00,-6.093638674563496847e-05,0.000000000000000000e+00
9.423038894407359534e-01,0.000000000000000000e+00,0.000000000000000000e+00,7.200250689139492621e+00,1.112845372150508050e+00,0.000000000000000000e+00,4.161562209877185524e+03,0.000000000000000000e+00,1.109357953433675622e-04,0.000000000000000000e+00
5.750524362715881965e-01,0.000000000000000000e+00,0.000000000000000000e+00,6.950240216815712024e+00,8.222567586439477605e-01,0.000000000000000000e+00,2.479781190894951578e+03,0.000000000000000000e+00,1.522984662427937603e-04,0.000000000000000000e+00
4.125969748935510717e-01,0.000000000000000000e+00,0.000000000000000000e+00,7.880488757762328156e+00,7.366688722556614666e-01,0.000000000000000000e+00,1.777003175761550665e+03,0.000000000000000000e+00,1.607988108343793763e-04,0.000000000000000000e+00
-2.746520486585165011e-01,0.000000000000000000e+00,0.000000000000000000e+00,-8.150312942942198546e+00,-6.170178130665396887e-01,0.000000000000000000e+00,-1.195537661436945200e+03,0.000000000000000000e+00,-1.355282553290281238e-04,0.000000000000000000e+00
-1.814072698799111538e-01,0.000000000000000000e+00,0.000000000000000000e+00,-8.163475199158124695e+00,-5.107052763336155099e-01,0.000000000000000000e+00,-8.025452532581984997e+02,0.000000000000000000e+00,-1.052041505962156780e-04,0.000000000000000000e+00
1.201178420459660723e+00,0.000000000000000000e+00,0.000000000000000000e+00,7.805770471753760154e-01,5.860618537016064167e+00,0.000000000000000000e+00,1.369067301799356937e+04,0.000000000000000000e+00,1.288401279393624988e-03,0.000000000000000000e+00
-4.790470290635490680e-01,0.000000000000000000e+00,0.000000000000000000e+00,-3.981272572693780099e+00,-3.336559917152268628e+00,0.000000000000000000e+00,-5.082450471326708794e+03,0.000000000000000000e+00,-6.781851051171183375e-04,0.000000000000000000e+00
1.935042212957526209e-01,0.000000000000000000e+00,0.000000000000000000e+00,6.015053169391733512e+00,1.816162567076218703e+00,0.000000000000000000e+00,1.892290818441659212e+03,0.000000000000000000e+00,2.968209417110155850e-04,0.000000000000000000e+00
-9.034430333179384320e-02,0.000000000000000000e+00,0.000000000000000000e+00,-7.166506341268619629e+00,-1.104388641263841953e+00,0.000000000000000000e+00,-8.251912670545279980e+02,0.000000000000000000e+00,-1.413412678807448089e-04,0.000000000000000000e+00
4.327020374655719814e-02,0.000000000000000000e+00,0.000000000000000000e+00,7.213754890462538150e+00,6.724748570301715134e-01,0.000000000000000000e+00,3.752488986775279045e+02,0.000000000000000000e+00,6.760661236307654979e-05,0.000000000000000000e+00
2.701294867044802886e-02,0.000000000000000000e+00,0.000000000000000000e+00,8.332072522970372930e+00,5.200809233953390676e-01,0.000000000000000000e+00,2.240200196951627731e+02,0.000000000000000000e+00,4.181152919349886656e-05,0.000000000000000000e+00
-1.502627876447589994e+00,0.000000000000000000e+00,0.000000000000000000e+00,-1.326615326127742389e-03,-5.993976303856833887e+00,0.000000000000000000e+00,-1.580553038473427296e+04,0.000000000000000000e+00,-1.260776992087662583e-03,0.000000000000000000e+00
1.809022454136758107e+00,0.000000000000000000e+00,0.000000000000000000e+00,4.777641798889923908e-01,5.668994658031183853e+00,0.000000000000000000e+00,1.800744727727025747e+04,0.000000000000000000e+00,9.715725862019572836e-04,0.000000000000000000e+00
1.953012042066917697e+00,0.000000000000000000e+00,0.000000000000000000e+00,1.564519552728169005e+00,4.628715991232652982e+00,0.000000000000000000e+00,1.735758493167161942e+04,0.000000000000000000e+00,4.599426161130410872e-04,0.000000000000000000e+00
-2.079930789103659361e+00,0.000000000000000000e+00,0.000000000000000000e+00,-2.838717789831188831e+00,-3.731825624470881841e+00,0.000000000000000000e+00,-1.572703456759452820e+04,0.000000000000000000e+00,-6.625970710346696952e-05,0.000000000000000000e+00
2.150570930263923763e+00,0.000000000000000000e+00,0.000000000000000000e+00,4.178507301413161734e+00,3.089701206612328388e+00,0.000000000000000000e+00,1.363072353404760361e+04,0.000000000000000000e+00,-7.273365833951790660e-05,0.000000000000000000e+00
1.825785063197442826e+00,0.000000000000000000e+00,0.000000000000000000e+00,4.929421709815020591e+00,2.332946976224060887e+00,0.000000000000000000e+00,9.935769047715351917e+03,0.000000000000000000e+00,1.852038829232456528e-05,0.000000000000000000e+00
1.549917258105509843e+00,0.000000000000000000e+00,0.000000000000000000e+00,6.030691441982264145e+00,1.982098926456552501e+00,0.000000000000000000e+00,7.575647146684117615e+03,0.000000000000000000e+00,1.724811972319307022e-04,0.000000000000000000e+00
-1.159771223813790497e+00,0.000000000000000000e+00,0.000000000000000000e+00,-6.773927158848706220e+00,-1.635734852109113957e+00,0.000000000000000000e+00,-5.325010907933115959e+03,0.000000000000000000e+00,-2.661309209435931970e-04,0.000000000000000000e+00
-7.322959413284187979e-01,0.000000000000000000e+00,0.000000000000000000e+00,-6.562692864241562951e+00,-1.213228761853582416e+00,0.000000000000000000e+00,-3.266575000993907452e+03,0.000000000000000000e+00,-2.516024301887798023e-04,0.000000000000000000e+00
-5.119615592857749142e-01,0.000000000000000000e+00,0.000000000000000000e+00,-7.051655293730948237e+00,-1.029921368269962390e+00,0.000000000000000000e+00,-2.266961587219499052e+03,0.000000000000000000e+00,-2.283418134101841939e-04,0.000000000000000000e+00
3.807282609789334193e-01,0.000000000000000000e+00,0.000000000000000000e+00,7.962162744550817628e+00,9.418750927166561482e-01,0.000000000000000000e+00,1.694285581737756729e+03,0.000000000000000000e+00,2.033232806969182012e-04,0.000000000000000000e+00
-2.539619061428428082e-01,0.000000000000000000e+00,0.000000000000000000e+00,-7.905111369242683317e+00,-7.727524006166811565e-01,0.000000000000000000e+00,-1.142827140733134001e+03,0.000000000000000000e+00,-1.548410819517974705e-04,0.000000000000000000e+00
1.293641527540423830e+00,0.000000000000000000e+00,0.000000000000000000e+00,5.502686532578717760e-01,6.447241116478333645e+00,0.000000000000000000e+00,1.378187297930568457e+04,0.000000000000000000e+00,1.429943616953898919e-03,0.000000000000000000e+00
-6.190371188074508257e-01,0.000000000000000000e+00,0.000000000000000000e+00,-3.358718845543316345e+00,-4.397615770336151364e+00,0.000000000000000000e+00,-6.317307801583781838e+03,0.000000000000000000e+00,-8.696507362823818754e-04,0.000000000000000000e+00
-2.720978818048250258e-01,0.000000000000000000e+00,0.000000000000000000e+00,-5.512180018870858511e+00,-2.600355364697429561e+00,0.000000000000000000e+00,-2.601752775967121124e+03,0.000000000000000000e+00,-4.134608854747532963e-04,0.000000000000000000e+00
1.293678954060188124e-01,0.000000000000000000e+00,0.000000000000000000e+00,6.671644284576524697e+00,1.606509103956446749e+00,0.000000000000000000e+00,1.165635843306779861e+03,0.000000000000000000e+00,2.009407233673148432e-04,0.000000000000000000e+00
7.149662377802624980e-02,0.000000000000000000e+00,0.000000000000000000e+00,7.717251094031781555e+00,1.124344079367542770e+00,0.000000000000000000e+00,6.136389495255425572e+02,0.000000000000000000e+00,1.110430750789698700e-04,0.000000000000000000e+00
4.025392396197838285e-02,0.000000000000000000e+00,0.000000000000000000e+00,8.046638690756802603e+00,7.850977142328184888e-01,0.000000000000000000e+00,3.323411542233079672e+02,0.000000000000000000e+00,6.231076030624332928e-05,0.000000000000000000e+00
-1.294565498956276706e+00,0.000000000000000000e+00,0.000000000000000000e+00,-1.021967787822824483e-03,-5.407851121327898802e+00,0.000000000000000000e+00,-1.263776373471319675e+04,0.000000000000000000e+00,-1.190871191876085580e-03,0.000000000000000000e+00
-1.636022178978358443e+00,0.000000000000000000e+00,0.000000000000000000e+00,-3.216804997452019088e-01,-5.485512275536327031e+00,0.000000000000000000e+00,-1.509051520083472133e+04,0.000000000000000000e+00,-1.122508233551485586e-03,0.000000000000000000e+00
1.869963987807076400e+00,0.000000000000000000e+00,0.000000000000000000e+00,1.154630809998973051e+00,4.921196460413190366e+00,0.000000000000000000e+00,1.560659878347069025e+04,0.000000000000000000e+00,8.465733436215664093e-04,0.000000000000000000e+00
2.067233333270297901e+00,0.000000000000000000e+00,0.000000000000000000e+00,2.279838929533811065e+00,4.316377695038609019e+00,0.000000000000000000e+00,1.509499241899885237e+04,0.000000000000000000e+00,5.824687156770073969e-04,0.000000000000000000e+00
-1.985542230860172008e+00,0.000000000000000000e+00,0.000000000000000000e+00,-3.246352930595628017e+00,-3.456646591400601043e+00,0.000000000000000000e+00,-1.255452456282917410e+04,0.000000000000000000e+00,-4.025222090221899571e-04,0.000000000000000000e+00
-2.028686478523390679e+00,0.000000000000000000e+00,0.000000000000000000e+00,-4.696264402311359554e+00,-3.200541159939731983e+00,0.000000000000000000e+00,-1.129158990051224828e+04,0.000000000000000000e+00,-4.175409968366260919e-04,0.000000000000000000e+00
1.484936080017814408e+00,0.000000000000000000e+00,0.000000000000000000e+00,4.927276681762563726e+00,2.331870745832144376e+00,0.000000000000000000e+00,7.515705333419144154e+03,0.000000000000000000e+00,3.877471643312285017e-04,0.000000000000000000e+00
-1.197160070194426940e+00,0.000000000000000000e+00,0.000000000000000000e+00,-5.837181924270674394e+00,-2.029586363442738683e+00,0.000000000000000000e+00,-5.704318563432432711e+03,0.000000000000000000e+00,-4.072527884047505388e-04,0.000000000000000000e+00
-8.179401347574145609e-01,0.000000000000000000e+00,0.000000000000000000e+00,-5.954968316573262754e+00,-1.585233285718924190e+00,0.000000000000000000e+00,-3.774132505176588893e+03,0.000000000000000000e+00,-3.473533891432200953e-04,0.000000000000000000e+00
-6.114414889092442129e-01,0.000000000000000000e+00,0.000000000000000000e+00,-6.662833985093697287e+00,-1.401188815198799453e+00,0.000000000000000000e+00,-2.786245145015418530e+03,0.000000000000000000e+00,-3.090826349103403597e-04,0.000000000000000000e+00
4.530165282094314461e-01,0.000000000000000000e+00,0.000000000000000000e+00,7.324988659266541191e+00,1.247596858000084685e+00,0.000000000000000000e+00,2.064011412788182497e+03,0.000000000000000000e+00,2.619164788259132769e-04,0.000000000000000000e+00
3.078609267900790369e-01,0.000000000000000000e+00,0.000000000000000000e+00,7.272325792285072588e+00,1.023434163875982295e+00,0.000000000000000000e+00,1.412598046191036701e+03,0.000000000000000000e+00,1.979329414464604234e-04,0.000000000000000000e+00
1.108610934465827258e+00,0.000000000000000000e+00,0.000000000000000000e+00,3.395608270015113561e-01,5.720627511169191770e+00,0.000000000000000000e+00,1.107711601677164435e+04,0.000000000000000000e+00,1.257430554117841158e-03,0.000000000000000000e+00
6.393080824619938873e-01,0.000000000000000000e+00,0.000000000000000000e+00,2.475269138957382431e+00,4.665128367513633023e+00,0.000000000000000000e+00,6.264387234505265951e+03,0.000000000000000000e+00,8.910354774004631108e-04,0.000000000000000000e+00
-3.461305282513202353e-01,0.000000000000000000e+00,0.000000000000000000e+00,-4.983393050501915056e+00,-3.385042975845709901e+00,0.000000000000000000e+00,-3.229512892998754978e+03,0.000000000000000000e+00,-5.203619852375004169e-04,0.000000000000000000e+00
-1.754427214644674604e-01,0.000000000000000000e+00,0.000000000000000000e+00,-6.409782192399084089e+00,-2.222281297978077053e+00,0.000000000000000000e+00,-1.557586338218301535e+03,0.000000000000000000e+00,-2.703303785130200219e-04,0.000000000000000000e+00
-9.795731151292821903e-02,0.000000000000000000e+00,0.000000000000000000e+00,-7.469854922423539101e+00,-1.566978943563334115e+00,0.000000000000000000e+00,-8.332096233484335244e+02,0.000000000000000000e+00,-1.512935300968306783e-04,0.000000000000000000e+00
-5.088531459096121146e-02,0.000000000000000000e+00,0.000000000000000000e+00,-7.157053344523646388e+00,-1.005246042450972599e+00,0.000000000000000000e+00,-4.170151625685393810e+02,0.000000000000000000e+00,-7.824864471546352481e-05,0.000000000000000000e+00
